:020000040800F2
:1000000090220020B90200084D540008854C0008D9
:10001000495400082D180008155C00080000000075
:100020000000000000000000000000005D55000816
:10003000D918000800000000515400087955000844
:10004000D3020008D3020008D3020008D30200083C
:10005000D3020008D3020008D3020008F5180008F4
:10006000FD180008D3020008D3020008C1180008D8
:10007000D3020008D3020008D3020008CD180008FC
:10008000D3020008D3020008D3020008D3020008FC
:10009000D3020008D3020008D302000805190008A3
:1000A000D3020008D3020008D3020008D3020008DC
:1000B000D3020008D3020008D3020008D3020008CC
:1000C000D3020008D3020008D3020008D3020008BC
:1000D000D30200085D5B0008D3020008D3020008C9
:1000E000DD180008D3020008D3020008D30200087C
:1000F000D3020008D3020008D3020008D30200088C
:10010000D3020008D3020008D3020008D30200087B
:10011000D3020008D3020008815500088D5500085D
:10012000D3020008D3020008D3020008D30200085B
:1001300000F002F800F0B0F80AA090E8000C824449
:100140008344AAF10107DA4501D100F0A5F8AFF226
:10015000090EBAE80F0013F0010F18BFFB1A43F0A5
:1001600001031847DC920000FC9200000A444FF0A3
:10017000000C10F8013B13F0070408BF10F8014B06
:100180001D1108BF10F8015B641E05D010F8016B4B
:10019000641E01F8016BF9D113F0080F1EBF10F8AF
:1001A000014BAD1C0C1B09D16D1E58BF01F801CBD2
:1001B000FAD505E014F8016B01F8016B6D1EF9D555
:1001C0009142D6D37047000000230024002500266A
:1001D000103A28BF78C1FBD8520728BF30C148BFAA
:1001E0000B6070476E2900F04582702900F087830C
:1001F000662908F0BC87652908F0B987672908F0E7
:10020000B687612908F0B58703681B0A28BF41F04B
:100210008001692900F0F281642900F0EF817529DD
:1002200000F0EC816F2900F01583782900F05383EA
:10023000E92900F0AF82E42900F0AC82F52900F052
:10024000A982EF2900F01283F82900F05283036895
:10025000DB0928BF41F08001632901F05380732935
:1002600001F05880E32901F06380F32901F06880F0
:10027000002070471FB501F0B9F8040000200021EC
:1002800007F078FF401C60600020002107F05CFF51
:10029000E0601FBD10B510BD01F07AF81146FFF700
:1002A000E9FF06F0B3FE01F057F903B4FFF7F2FFE0
:1002B00003BC01F09FF90000094880470948004746
:1002C000FEE7FEE7FEE7FEE7FEE7FEE7FEE7FEE706
:1002D000FEE7FEE704480549054A064B7047000063
:1002E0007D5500083101000890090020902200206F
:1002F000900D0020900D00201CB50C46064B7B4451
:1003000069460090204600F0CEF904460020694678
:1003100000F0DCF920461CBDCB03000040EA0103DD
:1003200010B59B070FD1042A0DD310C808C9121F9E
:100330009C42F8D020BA19BA884201D9012010BDD8
:100340004FF0FF3010BD1AB1D30703D0521C07E0A5
:10035000002010BD10F8013B11F8014B1B1B07D109
:1003600010F8013B11F8014B1B1B01D1921EF1D17A
:10037000184610BD10B5431C02E010F8011B71B106
:100380008107FAD14FF0013202C88C1A8C4314EA6B
:10039000C211F9D0C01A0A0603D0C01E10BDC01A7F
:1003A00010BD0A0401D0801E10BD0902FCD0401E01
:1003B00010BD032A40F2308010F0030C00F01580CD
:1003C00011F8013BBCF1020F624498BF11F801CB58
:1003D00000F8013B38BF11F8013BA2F1040298BFBD
:1003E00000F801CB38BF00F8013B11F0030300F027
:1003F0002580083AC0F0088051F8043B083A51F8CB
:1004000004CBA0E80810F5E7121D5CBF51F8043BCF
:1004100040F8043BAFF30080D20724BF11F8013B42
:1004200011F801CB48BF11F8012B24BF00F8013BA4
:1004300000F801CB48BF00F8012B704710B5203AF7
:10044000C0F00B80B1E81850A0E81850B1E818507F
:10045000A0E81850203ABFF4F5AF5FEA027C24BF51
:10046000B1E81850A0E8185044BF18C918C0BDE83A
:1004700010405FEA827C24BF51F8043B40F8043B03
:1004800008BF7047D20728BF31F8023B48BF11F8B8
:10049000012B28BF20F8023B48BF00F8012B704712
:1004A0004FF000020429C0F0128010F0030C00F09D
:1004B0001B80CCF1040CBCF1020F18BF00F8012B1B
:1004C000A8BF20F8022BA1EB0C0100F00DB85FEAE9
:1004D000C17C24BF00F8012B00F8012B48BF00F8B5
:1004E000012B70474FF0000200B513469446964624
:1004F000203922BFA0E80C50A0E80C50B1F1200137
:10050000BFF4F7AF090728BFA0E80C5048BF0CC0E4
:100510005DF804EB890028BF40F8042B08BF704742
:1005200048BF20F8022B11F0804F18BF00F8012BB4
:10053000704770477047704770B50446856900681A
:10054000C10601D5302600E02026C00707D070BDC7
:10055000D4E9012130469047206A401C20626D1E7C
:10056000F6D570BD70B5044685690078C00707D11F
:1005700070BDD4E9012120209047206A401C2062F0
:100580006D1EF6D570BD09684A0501D540B27047A9
:10059000C905FCD500B2704709684A0501D5C0B24B
:1005A0007047C905FCD580B2704770B50C4605464A
:1005B000012A05D02878800600D5EA69002302E0E8
:1005C000012305E05B1C934202D2E05C0028F9D1D4
:1005D000A869E618C01AA861286A18442862284643
:1005E000FFF7AAFF04E0D5E9012114F8010B9047B9
:1005F000B442F8D32846FFF7B5FF70BD2DE9F041AE
:100600000646002410687529314616A510D0FFF75C
:10061000BAFF002802DA404213A507E031688A07D2
:1006200001D512A502E0490704D511A5012401E076
:10063000FFF7B2FF00210A2206F1240709E0B0FB10
:10064000F2FCB0FBF2F302FB1C0030307854184689
:10065000491C0028F3D123462A463046BDE8F04124
:1006600000F061BA000000002D0000002B00000027
:100670002000000011680268006A530501D5087067
:100680000AE0D30501D5088006E0130603D5C2179A
:10069000C1E9000200E008600120704701694A1CBE
:1006A00002610878704700B58FB0CDE901310021B3
:1006B000059105497944CDE903101146684600F0DB
:1006C00029F90FB000BD0000E5FFFFFF0A6802F83E
:1006D000010B0A60704700002DE9FF5F15468A464E
:1006E0000446DFF8AC80F8440027D8E900103E4605
:1006F000CDE9001010E03AF816106A4602A800F0A2
:1007000023FE411C07D02178890603D5E2693918F8
:1007100091420DD80744761C2078800602D5E06906
:10072000B84205DDAE42E6DB3AF816000028E2D119
:10073000A069C01BA0612046FFF7FEFED8E90010AB
:10074000CDE90010002017E03AF818106A4602A818
:1007500000F0FAFDB0F1FF3F81460BD000250DF10E
:10076000080B05E0D4E901211BF8050090476D1C3A
:100770004D45F7D308F10100B0428046E4DB206A22
:10078000384420622046FFF7EDFEBDE8FF9F0000E1
:100790008E8A00002DE9F0418046D21D22F007022A
:1007A0000025D2E90002F52915A614D0011E72F128
:1007B000000106DA0023D0EB030063EB020211A66E
:1007C00008E0D8F800108B0701D50FA602E0490712
:1007D00001D50EA601251146002408F1240704E0E6
:1007E00000F05CF930323A55641C50EA0102F7D14E
:1007F0002B46324621464046BDE8F04100F093B911
:10080000000000002D0000002B0000002000000070
:1008100030B4002100F1240408E002F00705D208FA
:10082000303542EA4372DB086554491C52EA03053D
:10083000F3D10468002310A2250708D504F0200492
:100840000C4304D0C46901230CA2641EC46130BCF3
:1008500000F069B910B5044621461068FFF79CFE08
:1008600002462046BDE810400023D1E7D21D22F009
:100870000701D1E90023CBE70000000030000000B1
:10088000F0B40D460188090502D5214C7C4402E0F4
:100890001F4C7C440E34002100F1240608E002F0D5
:1008A0000F071209E75D42EA03721B097754491CDE
:1008B00052EA0307F3D102780023120704D5702D02
:1008C00006D009B1022311342246F0BC00F02BB946
:1008D00001231034F8E770B504460D462146106830
:1008E000FFF75AFE024629462046BDE87040002325
:1008F000C6E7D21D22F00703D3E90023C0E703684F
:10090000126843F0200303600823C3610023B7E7A4
:10091000F08800002DE9F05F894604464FF0000A98
:10092000DFF874B1FB44C0F820A02046E168884796
:10093000002874D0252806D0D4E901219047206AE8
:10094000401C2062F1E700265F462046E1688847A8
:100950002028054607DB312D05D2781910F8200C28
:1009600008B10643F1E7B00701D526F00406C4F844
:100970001CA00027C4F818A02A2D09D0284607F08B
:10098000DBFB38B304EB8708303DC8F8185019E09A
:1009900059F8041B204604EB87029161E1688847FF
:1009A000012F054618D1E069002820DA26F020063C
:1009B0001DE0D8F8180000EB800005EB400030384F
:1009C000C8F818002046E1688847054607F0B4FBE0
:1009D0000028EED1012F0AD02E2D08D12046E16843
:1009E00088477F1C0546022F46F02006C4DBA0691D
:1009F000002803DA404246F00106A061F00701D06A
:100A000026F010066C2D0BD0682D09D04C2D39D056
:100A10006A2D35D0742D35D07A2D33D016E038E0DC
:100A2000E1682F4620468847B842054609D16C2F19
:100A300026D04FF48060E16806432046884705468B
:100A400004E06C2F1AD04FF4807006430DB3A5F16B
:100A50004100192802D8203546F400664A46294646
:100A6000204626604E46FFF7BDFB80B101280BD023
:100A7000F61D26F0070000F1080956E74020E4E7DC
:100A80008020D8E70020D6E706F104094DE7284684
:100A900052E7206ABDE8F09F8088000030B5B0F1D1
:100AA0000A0271F100034FEA900E4EEA817EB0EB2C
:100AB0000E0061EB91014FEA101E4EEA017E10EB31
:100AC0000E0041EB11114FEA102E4EEA016E10EBB1
:100AD0000E0041EB11214FEA104E4EEA014E10EB91
:100AE0000E0041EB1141401841F100014FEAD000E6
:100AF00040EA41704FEAD1014FEA810444EA907420
:100B000010EB800544EB01046D1944EB0404521B07
:100B1000A3414FF0000348BF0A3200D530BD401C4E
:100B200041F1000130BD2DE9F0470D46994692464E
:100B3000044600F124080168880604D5E06921F024
:100B40001001216000E00120A84201DD471B00E008
:100B50000027A1697A1902EB0900081AA061207820
:100B6000C00602D42046FFF7E7FC002608E0D4E9DF
:100B700001211AF806009047206A401C761C20626A
:100B80004E45F4DB2078C0060AD52046FFF7D4FC9A
:100B900006E0D4E9012130209047206A401C206201
:100BA000381EA7F10107F4DC07E0D4E9012118F8A9
:100BB00005009047206A401C2062281EA5F101050F
:100BC000F3DC2046FFF7CEFC2078000602D5022099
:100BD000BDE8F0870120FBE72DE9FF4F0C461E46DC
:100BE0004FF0FF378BB0D2E90001DDF860800A904A
:100BF0008A46C1F30A5505B93D46002108464FF023
:100C00000000BAF1000F00F4400005DA00EB8000AC
:100C10004FF4400101EA50004FEA9059B9F1010F39
:100C200000DDB9460A9850EA4A000ED044F610504A
:100C3000A5F2FF3545432F14B8F1000F1ED07542C1
:100C4000291E1EDDC9F100021CE0B8F1010F4FF0B2
:100C5000000001D0302103E0F24305E02154401CA4
:100C6000B042FBDB30460022002121540B99C1F831
:100C70000880C1E900200FB0BDE8F08FBD1B6D1CDE
:100C8000DEE74A4600DA694206A800F0F3FB06AB4D
:100C900093E8070003AB83E8070050460A9906F083
:100CA0006EFE8DE80700A0F500501F3800900398F5
:100CB000002D0ADD42F21F014A460844002303A921
:100CC0000390684607F0D8F809E0A0F500504A46BE
:100CD0001F38002303A90390684607F0E2F88DE867
:100CE00007000004000C03D04FF0FF30410800E083
:100CF0001046B8F1000F03D00022009215461EE006
:100D0000751E05D4FFF7CAFE303262556D1EF9D547
:100D1000B3460122084302D000227F1C04E0207861
:100D2000302801D100227F1E002A099784D01DE0BF
:100D3000112D07DAFFF7B2FE303262556D1C50EA12
:100D40000102F5D1084302D00098C8B10EE000219D
:100D5000681E05E0235C625C63542254401E491CFB
:100D60008142F7DBAB46A81B401E0990002004F827
:100D70000B000B98099AC0F80880C0E9002B7AE7AD
:100D800011264FF0000857E72DE9F04F884604463A
:100D9000D21D22F0070191B0D1E90001CDE90A018D
:100DA00007F0B6F902460B98C00F01D02D2007E0DE
:100DB0002068810701D52B2002E0202101EAC00034
:100DC000032A099001D0072A05DB03464146204645
:100DD00000F010FB0BE12078800601D5E06900E00F
:100DE0000620B8F1650F814606D0B8F1660F18D01D
:100DF000B8F1670F70D131E00020B9F1110F009008
:100E000001DB112301E009F101030AAA01A90CA8E1
:100E1000FFF7E2FEDDE90C70002609F101058346CB
:100E200047E001204B4600904FF000470AAA01A975
:100E30000CA8FFF7D1FEDDE90DB00C995D46002648
:100E400010B909F101000D18B9EB050003D4C0F188
:100E5000FF3609F10105A5EB09002BE0B9F1010FFF
:100E600001DA4FF001090020B9F1110F0090484656
:100E700001DD112300E003460AAA01A90CA8FFF72F
:100E8000ABFEDDE90C704D46002683462078000756
:100E90000AD4AB4500DA5D4601A8012D04DD4119F5
:100EA00011F8011C302907D04F4502DA17F1040F61
:100EB00004DA012082460FE06D1EEEE7002F02DC0F
:100EC000ED1B3E4403E0781CA84200DD7D1CB81BEE
:100ED00000F1010A4FF000472078000703D4AA452B
:100EE00001DB4FF0FF3A0021B7F1004F0DF143084D
:100EF0008DF8431024D002202B23002F01DA7F42EB
:100F00002D230A21021EA0F1010000DC5FB197FB36
:100F1000F1FC97FBF1F201FB1C7C17460CF1300C45
:100F200008F801CDEEE7A8F101000370218809055A
:100F300001D5452100E06521A0F1010800F8011C60
:100F400009980FA9A1EB0807FF1D00B10120411965
:100F500001EBEA70A1693844081A401EA0612078AC
:100F6000C00602D42046FFF7E7FA099828B1D4E971
:100F700001219047206A401C20622078C00622D5BB
:100F80002046FFF7D9FA1EE0002E04DBB34502DD50
:100F900001A8805D00E03020D4E901219047206A5B
:100FA000401C2062761CAAF101005FEA000A0AD107
:100FB00000F01CFAC0680168405CD4E90121904748
:100FC000206A401C2062281EA5F10105DCDC07E038
:100FD000D4E9012118F8010B9047206A401C2062D7
:100FE000381EA7F10107F3DC2046FFF7BBFA032008
:100FF00011B041E62DE9F04F04460D46D21D22F016
:10100000070089B0D0E900974846394607F080F8D4
:101010000246F80F01D02D2307E02068810701D593
:101020002B2302E0202101EAC0038DF820300BB110
:10103000012000E00020032A824601D0072A04DBB9
:101040002946204600F0D6F93FE12078800601D4F9
:101050000D2500E0E569C7F30A560D2D49DA002198
:101060004FEA175B08464FF00000002F00F44000E5
:1010700007DA00EB80004FF4400100EBD07001EA8A
:1010800060008115012901DD4FF0FF3100224FEA98
:10109000850CBCF1180F06D31346ACF118004FF0C5
:1010A0008052C24003E04FF4801323FA0CF30CF19A
:1010B0000C0CBCF1200F04D3ACF1200C09FA0CF09D
:1010C00001E007FA0CF000294FF0004801DD18B9E3
:1010D0000FE00ED140450CD319EB02095F4121B955
:1010E000404502D19F4329EA0209BBEB175F00D0BC
:1010F000761C2088000502D57B48784402E07A48B7
:101100007844193808AA302302F80A30037C0AF11F
:101110000101002E0AF1020A53546A4602DC4FF024
:10112000300101E04FF031014FF001088DF800105F
:1011300002D0A6F2FF3603E059EA470100D06B4E19
:10114000002D02DC2178090704D54FF002082E217A
:101150008DF80110C44600210BE0C7F303433F01A3
:10116000C35C491C6D1E02F80830052908F101080E
:1011700001DA002DF1DC00210CE000EB1973491CB1
:101180001B786D1E082902F808304FEA091908F18A
:10119000010801DA002DF0DC21688B0602D516E08B
:1011A000A8F10108E04505DD02EB080313F8013C56
:1011B000302BF5D0B8F1000F09DD02EB080313F86E
:1011C000013C2E2B03D1090701D4A8F10108002D01
:1011D00005DD3E2102F808106D1E08F10108407C73
:1011E000002E02F8080008F1010804DA2D207642EA
:1011F00002F8080002E02B2002F808000A214FF450
:101200007A70864208F101080BDB96FBF0F330336D
:1012100002F8083096FBF0F308F1010800FB1366B2
:1012200001E0642E0CDB642096FBF0F3303302F80F
:10123000083096FBF0F308F1010800FB136601E0AB
:101240000A2E06DB96FBF1F0303002F8080008F1B8
:10125000010896FBF1F001FB1060303002F8080045
:10126000A16908F1010808EB050202EB0A00081A5F
:10127000A0612078C00602D42046FFF75DF9216AFC
:1012800008AE01EB0A00206204E0D4E9012116F85F
:10129000010B9047BAF1010AF7D22078C00602D5B7
:1012A0002046FFF749F96E4609E016F8010B3E2883
:1012B0000FD0D4E901219047206A401C2062B8F188
:1012C0000108F2D22046FFF74DF909B00320BDE82E
:1012D000F08F206A2844206203E0D4E90121302005
:1012E00090476D1EEBD3F8E7CE80000002FCFFFFB5
:1012F00010B5436913B1AFF3008001E0FFF755F972
:10130000012010BD127800F124010A7000224A70F9
:101310000122EDE711684FF0FF32E9E710B54369AC
:1013200013B1AFF3008001E0FFF7D6F9012010BD43
:10133000128800F1240182840022C2840122EDE798
:1013400011684FF0FF32E9E72DE9F04116460C46EF
:10135000054600F043F8036893F80101012807D01F
:10136000FF2C12D8185D80B101202C70BDE8F081EF
:10137000D3F807013246214603F20713C71828465F
:10138000BC46BDE8F041002360474FF0FF30EDE779
:10139000754600F0EBF8AE4605006946534620F06E
:1013A0000700854618B020B5FEF794FFBDE8204041
:1013B0004FF000064FF000074FF000084FF0000B11
:1013C000AC46ACE8C009ACE8C009ACE8C009ACE880
:1013D000C00921F007018D467047000010B500F0EC
:1013E00005F8001D10BD00BF8D6D0000004870475E
:1013F000600100202DE9F0411F46044603260168E4
:10140000072A01F4006004DB08B116A505E016A563
:1014100003E008B115A500E015A521F0100020603B
:10142000A069C01EA0610FB1401EA0612046FFF759
:1014300083F84FB1D4E9012138469047206A401C17
:101440002062C01C206206E0206AFAE7D4E901218C
:1014500015F8010B9047761EF8D22046FFF782F868
:10146000BDE8F0814E414E006E616E00494E46006F
:10147000696E66002DE9F047814616468AB0354808
:1014800078440DC88DE80D0032487844801C03ACC8
:101490000DC884E80D0041F69B300844372190FBCD
:1014A000F1F290FBF1F5A5F1800501FB12041B3C64
:1014B00002D56442012000E00020DFF898A08046B9
:1014C0000027FA44AAF1BE0A0EE0E0070AD032462D
:1014D000684607EB470101230AEB810106F0E1FCB6
:1014E0008DE8070064107F1C002CEED1194F7F445B
:1014F000AE3F19E0E80715D007EB04100DF1180A0C
:1015000090E80E008AE80E00C068F04201D19819F8
:1015100008903246012306A903A806F0C2FC03ABDB
:1015200083E807006D10641C002DE3D14FF0010328
:1015300032466946B8F1000F03A802D006F09CFCC1
:1015400001E006F0AEFCC9E90001C9F808200AB0C4
:10155000BDE8F087D87D000010B50446AFF30080E9
:101560002046BDE81040FEF7A0BE000000487047CE
:10157000400100204FF0013C50F8042B51F8043B8F
:101580009A4221D1A2EB0C03934313EACC1317D157
:1015900050F8042B51F8043B9A4215D1A2EB0C03EE
:1015A000934313EACC130BD150F8042B51F8043BAE
:1015B0009A4209D1A2EB0C03934313EACC13DBD07C
:1015C0004FF00000704700BFD01A01BAB1FA81F1A4
:1015D00001F0180122FA01F0CB40DBB2C0B2C01A10
:1015E000C1F120012CFA01F3D11A914311EAC31180
:1015F000E6D1704701491820ABBEFEE72600020085
:1016000070470000B0B5044600688168C90709D07A
:10161000816821F00101816001F0EAF9216889689F
:10162000C90701D10020B0BD054602E08068C007AF
:10163000F8D001F0DDF9411B20680329F6D3816859
:10164000C907F3D0A06A40F01000A062E06A40F041
:101650000100E0620120B0BD0146406A826A12F0DA
:10166000500F03D0006A026B084610470168826A77
:1016700042F400728262896801F46021B1F5602F42
:1016800001D1017B11B100F0CFBA00BF816A21F412
:1016900080718162816AC90448BF00F0C5BA816A5D
:1016A00041F00101816200F0BFBA0000406A816A26
:1016B00041F040018162C16A41F00401C16200F061
:1016C000C1BA0000406A00F0BBBA0000B0B582B0F9
:1016D00004460020019021688A68D2074FD18868AB
:1016E00040F00100886040F24C00C2F20000006847
:1016F0004DF68361C4F21B31A0FB0101880C0190FF
:101700000198A0B1019801380190019878B1019831
:1017100001380190019850B1019801380190019869
:1017200028B101980138019001980028EAD101F010
:101730005FF921688968C9071CD1054603E000BF2D
:101740008068C0071AD101F053F9411B20680329B2
:10175000F6D38168C907F3D1A06A40F01000A062F7
:10176000E06A40F00100E062002084F824000120DB
:1017700002B0B0BD002002B0B0BD00BF002002B07A
:10178000B0BD000040F2A011C2F20001002301F13F
:10179000100003220B7300F079BB00000138C1B2C6
:1017A000062984BF0020704780B528BF0620C0B23C
:1017B00003A101EBC00040688047012080BD00BF4D
:1017C00001000000E56700080200000095680008BD
:1017D00003000000AD6B0008040000005D6D000810
:1017E000050000005965000806000000156F00089C
:1017F00007000000D5650008080000000000000098
:1018000003460C2A4FF0000088BF70475A1E082A72
:101810000AD84A1E0A2A9FBF40F20800C2F20000FE
:101820000371817198BF012070470000FEE700003E
:1018300081B1F0B54A1E032A01F0030C0ED200223A
:101840000023BCF1000F25D181F05A00BDE8F04023
:10185000C0B270475A20C0B2704700BF21F00301E8
:10186000C1F1000E421C00236FF003041119CD7862
:101870000E794F792B44334489793B44DBB20434ED
:1018800019440EEB04030433CBB2EFD1221DBCF19B
:10189000000FD9D0815CBCF1010F1944D4D01044A1
:1018A0004278C9B2BCF1020F1144CDD08078C9B2E0
:1018B000014481F05A00BDE8F040C0B2704700001A
:1018C00040F2C460C2F2000000F084BC40F2087034
:1018D000C2F2000000F07EBC7047000080B54FF4FB
:1018E000804000F069FF4FF40040BDE8804000F008
:1018F00063BF0000022000F05FBF0000042000F082
:101900005BBF000080B5402000F056FF802000F053
:1019100053FF4FF4807000F04FFF4FF40070BDE8AC
:10192000804000F049BF0000EFF3108072B600BFA6
:10193000FEE7000070B516460C46054600F04AFE6C
:1019400064B10021002000BF32586318032B2A50D5
:1019500006D90430A042A1F10401F5D3002070BDE6
:10196000311849688442F9D0631E2A1883421171E4
:10197000F4D0A31E0E0A834256711CBF080C90714E
:10198000002070BD70B582B004460020019094F82C
:101990002400012804D10225284602B070BD00BFF2
:1019A000012084F824002046FFF72CFE2046FFF794
:1019B0008DFE0546002867D1A06A41F202118843D6
:1019C0000230A06240F24C00C2F200000668022021
:1019D00001F0C8F8B6FBF0F0400001900198A0B10A
:1019E000019801380190019878B10198013801906F
:1019F000019850B1019801380190019828B10198DF
:101A00000138019001980028EAD12068816841F0EE
:101A10000801816000F0ECFF21688A6812070DD48C
:101A2000886840F00400886000F0E2FF216889685F
:101A3000490713D401206FF0030121E0064602E0BC
:101A400088680007ECD500F0D3FF801B21680B28C5
:101A5000F6D388680007F3D50EE000BF064602E023
:101A600080684007E6D500F0C3FF811B20680B2982
:101A7000F6D381684907F3D5012510206FF01201D4
:101A8000A26A11400843A062002084F8240028467E
:101A900002B070BD10B581B00022009290F82420F1
:101AA000012A03D10221084601B010BD4B68012272
:101AB000062B80F8242015D8026803EB8303A3F1DA
:101AC000050E1F23D2F834C003FA0EF40B682CEA7B
:101AD000040C03FA0EF444EA0C045463092B17D9DE
:101AE00037E000BF02680C2B20D803EB8303A3F17F
:101AF00023041F23D2F830C003FA04FE0B682CEA3B
:101B00000E0C03FA04F444EA0C041463092B20D8E5
:101B1000D2F810C003EB4303072489689C402CEAE9
:101B20000404994021431161002136E003EB830353
:101B3000A3F141041F23D2F82CC003FA04FE0B6862
:101B40002CEA0E0C03FA04F444EA0C04D462092BC8
:101B5000DED903EB4304D2F80CC0A4F11E0E072417
:101B6000896804FA0EF42CEA040401FA0EF1214308
:101B700023F00104102CD1600ED142F20841C4F2CE
:101B80000101A1F10804A2420ED0816A41F02001B6
:101B90008162012101E000BF0021002280F82420A1
:101BA000084601B010BD00BF0A68120230D40A68AE
:101BB000102B42F400020A602CD140F24C01C2F218
:101BC000000109684DF68362C4F21B32A1FB0212C8
:101BD000910C01EB8101490000910099E1B100995C
:101BE000013900910099C9B100990139009100991A
:101BF000B1B1009901390091009999B10099013969
:101C00000091009900294FF00001E8D1C5E700BF1D
:101C10000021C2E70021C0E70021BEE70021BCE7A8
:101C20000021BAE70021B8E710B540F2A014C2F2D3
:101C3000000404F1100000F0B5F90120207310BD7C
:101C40007047000070470000B0B5002800F0B28077
:101C50000446806A20B121688868C0070BD114E06F
:101C60000020E06284F82400204600F0A5F82168F6
:101C70008868C00709D0886820F00100886000F0FB
:101C8000B7FE21688A68D20730D1A06AC00644D462
:101C9000A06A41F2021290430230A062E36981F02F
:101CA000804080F49E3083F44022104308BF4FF4FC
:101CB0000023D4E9010243EA000C531EB3FA83F374
:101CC0005D091346B2F5807F18BF2B02207D257B6E
:101CD00001284CEA450030D135B3A56A45F020050E
:101CE000A562E56A45F00105E56226E0054602E0E9
:101CF0008868C007C9D000F07BFE401B216803281C
:101D0000F6D38868C007F3D0A06A40F01000A06244
:101D1000E06A40F00100E062A06AA06A40F01000B2
:101D2000A0620120B0BD00BFD4F818C04EF6000577
:101D3000CFF6FF7505EB4C352B434D68B2F5807F30
:101D400025F4694543EA05034B608B684FF2FD7546
:101D5000CFF6E17503EA050343EA00038B6001D087
:101D6000012A07D122690023CFF6F07303EB025258
:101D700001E000BF0022CB6A23F470031A43CA6259
:101D8000896840F6FE62CFF61F721140814207D18A
:101D90000020E062A16A012262F30101A162B0BDEC
:101DA000A06A40F0100020F00200A062E06A40F05B
:101DB0000100E0620120B0BD2DE9F04186B040F69F
:101DC00000450446C4F20105006805F5C05100272E
:101DD00088420597049703D006B0BDE8F08100BFA4
:101DE00041F21800C4F20200016802AE41F4007131
:101DF000016001684FF0030801F40071019101993D
:101E0000016841F010010160016801F010010191C9
:101E10000199016841F0080101600068314600F055
:101E20000800019001983020029005F58060CDF8FF
:101E30000C8000F0CDFC0120CDE902082846314697
:101E400000F0C6FC40F2C4650820C2F20005C4F2EE
:101E500002004FF40072C5E9000705F1100080216F
:101E60004FF4006320264FF4805C80E84C10284635
:101E7000C5E9027100F0FCFA002818BFFFF754FD15
:101E800025626C6206B0BDE8F081000070B51546B1
:101E90000446006842F60002C4F2010290420E4677
:101EA00005D042F20041C4F20101884209D142F258
:101EB0000440C4F20100006810F4702F1CBF012020
:101EC00070BD94F82400012804BF022070BD0120D9
:101ED00084F824002046FFF7F9FB18B1002184F8AC
:101EE000241070BD42F204402168A26AC4F20100CD
:101EF00040F601739A4300F57F7302F580729942B0
:101F0000A26243D0A06A20F48010A0624868400515
:101F100004D5A06A012262F30D30A062A26A0020FB
:101F2000D2044FF0000244BFE26A22F00602E262ED
:101F300084F82400206A41F25962C0F6000241F29E
:101F4000C56341F2AD6C00F1280EC0F60003C0F687
:101F5000000C8EE80C106FF002020A608A682B46B3
:101F600042F480728A604C31324600F0D1FA206827
:101F7000816801F460228168B2F5602F0CBF41F4E2
:101F8000A00141F480118160002070BD026812F44C
:101F9000702FB7D0A26A42F48012A2620068400596
:101FA000BCD5B6E7B0B5044690F82400012804BFBC
:101FB0000220B0BD0120216884F824008868C00791
:101FC00009D0886820F00100886000F011FD2168C8
:101FD0008A68D2071AD1886820F480708860206AE5
:101FE00090F8211002290BD100F038F8A16A48B30B
:101FF00041F04001A162002184F82410B0BD00BF6F
:102000000020002184F82410B0BD00BF054602E086
:102010008868C007DFD000F0EBFC401B2168032874
:10202000F6D38868C007F3D0A06A40F01000A06221
:10203000E06A40F00100E0620120002184F82410F1
:10204000B0BD00BF41F2011021EA00000130A062E2
:102050000020002184F82410B0BD0000014690F853
:102060002100022816D10868D1E90FC3026822F0C6
:102070000E020260026822F001020260012000FAF2
:1020800003F2CCF8042081F821000020002281F81E
:1020900020207047042088630120002281F820203E
:1020A0007047000080B590F82110022928D10268FD
:1020B00040F2040C1368C4F2020C23F00E03136008
:1020C00013680CF17C018A4223F0010111601BD9D5
:1020D00040F20841C4F202018A4249D040F21C4158
:1020E000C4F202018A4247D040F23041C4F20201F8
:1020F0008A4245D14FF48073CCF800345DE000BFD4
:1021000004218163012080BD4321C4F202018A427F
:102110000EDD6B21C4F202018A421BDC4421C4F2B1
:1021200002018A423CD05821C4F202018A4233E0C3
:102130000821C4F202018A4236D01C21C4F20201F5
:102140008A4237D03021C4F202018A4224D14FF4AE
:10215000807230E06C21C4F202018A4226D08021D4
:10216000C4F202018A4217D14FF0807223E000BF0F
:102170000123CCF8003420E01023CCF800341CE01C
:102180000CF588614FF480338A4208BF4FF48053C6
:10219000CCF8003411E000BF4FF480320BE000BFF8
:1021A0004FF4805207E000BF012204E04FF4801298
:1021B00001E000BF1022CCF80020012180F821109E
:1021C000426B002180F820100AB190470021084698
:1021D00080BD000010B5D0E90FE3D0F800C0DEF8F4
:1021E0000020DCF80010DA4054072DD511F004046B
:1021F0002AD0DCF80010890605D4DCF8001021F0A4
:102200000401CCF800100422C4F2020202F17C01A5
:102210008C454DD940F20841C4F202018C4500F0D2
:10222000B18040F21C41C4F202018C4500F0AE8046
:1022300040F23041C4F202018C4540F0AB804FF4D3
:102240008061C2F80014F9E0940747D511F0020448
:1022500044D0DCF80010890608D4DCF8001021F026
:102260000A01CCF80010012180F821100422C4F2E8
:10227000020202F17C018C454ED940F20841C4F2C1
:1022800002018C4500F0B68040F21C41C4F202010C
:102290008C4500F0B38040F23041C4F202018C451D
:1022A00040F0B0804FF40071C2F80014D8E000BFD5
:1022B0004321C4F202018C4544DD6B21C4F20201CA
:1022C0008C4551DC4421C4F202018C4500F0A6800B
:1022D0005821C4F202018C4568E000BF120740F1AA
:1022E000C58011F0080108BF10BDDCF8001021F016
:1022F0000E01CCF80010012101FA03F2CEF80420FF
:10230000816380F82110016B0022002980F82020D1
:1023100040F09680AAE000BF4321C4F202018C4540
:1023200048DD6B21C4F202018C4555DC4421C4F226
:1023300002018C4500F088805821C4F202018C45CE
:1023400076E000BF0821C4F202018C456AD01C214E
:10235000C4F202018C456FD03021C4F202018C45D9
:1023600024D14FF4806168E06C21C4F202018C45F5
:102370005AD08021C4F202018C4517D14FF0806100
:102380005BE000BF0421C2F8001457E04021C2F80E
:10239000001453E002F588634FF480219C4508BF88
:1023A0004FF48041C2F8001448E000BF4FF4802190
:1023B00043E000BF0821C4F202018C4548D01C2133
:1023C000C4F202018C4549D03021C4F202018C458F
:1023D0002ED14FF4007142E06C21C4F202018C4511
:1023E00038D08021C4F202018C4521D14FF0007118
:1023F00035E000BF0221C2F8001431E02021C2F80C
:1024000000142DE002F588634FF400319C4508BFAD
:102410004FF40051C2F8001422E000BF4FF4804195
:102420000BE000BF042108E04FF4800105E000BF8D
:102430004FF4003113E000BF40211160C16AA9B11F
:10244000BDE81040084700BF4FF4005107E000BF4F
:10245000022104E04FF4001101E000BF20211160CF
:10246000816A0022002980F82020E9D110BD0000F7
:10247000014600284FF0010008BF70472DE9F047E2
:1024800040F2000CC4F2020C0A684FF6F8330CF567
:10249000816ECBF6FD73724538BF03F5806303EBA5
:1024A000020E4CF6CD43CCF6CC43AEFB033E6FF0B0
:1024B00003060CF5806506EA9E06D1E901A9D1F86C
:1024C0000C803CBF0025C4F20205C1E90F5602266C
:1024D00081F82160166843F6F075AE4346EA0A06B5
:1024E000D1E9045746EA090646EA0806D1E9064357
:1024F0002E43374327433B43136000228A6381F80E
:10250000210081F820200020BDE8F047704700003E
:10251000F0B590F820C0BCF1010F32D04FF0010EA1
:1025200080F820E090F821C0BCF1010F26D14FF0D7
:10253000020C80F821C04FF0000CC0F838C0D0E980
:1025400000C4C56AC66BDCF80070102C27F00107C8
:10255000CCF80070006C0EFA00F070600846CCF801
:10256000043004BF10460A46CCF80800CCF80C2012
:10257000DCF8000045B140F00E000DE0002180F8CD
:1025800020100220F0BD00BF20F00400CCF80000B5
:10259000DCF8000040F00A00CCF80000DCF8000095
:1025A00040F00100CCF800000020F0BDB0B50446BA
:1025B00000F01EFA054640F20000C2F2000000786A
:1025C000611C18BF044400BF00F012FA401BA04277
:1025D000FAD3B0BD42F20400C4F20200C168090699
:1025E0005CBF0020704740F22311C4F267510160C4
:1025F00048F6AB11CCF6EF510160C068C0B2C0091B
:1026000070470000F0B581B0FF280FDC3F284FDC99
:10261000022865D0042840F0CC8040F28860C2F2E5
:1026200000000121417001B0F0BD00BFB0F5804F46
:102630004ADAB0F5807F5BD0B0F5007F40F0B9801A
:1026400040F62400C2F2000000684FF40071466AB0
:1026500040F60040C4F2010000F0BEF9012840F04D
:102660008F8040F28867C2F20007F988B2B28A42CE
:102670007E811AD97869541AA0423C6115D206F0BD
:10268000B9FB41F20001C4F2805106F02FFC05466F
:10269000204606F0AFFB0146284606F079FA0021F5
:1026A000CBF6807106F0DCF9F861FE8001B0F0BD78
:1026B000402855D080287CD140F28860C2F20000CA
:1026C0000121817001B0F0BD52D0B0F5004F70D142
:1026D00040F28860C2F200000121017101B0F0BD3A
:1026E00040F28860C2F200000121017001B0F0BD2B
:1026F00040F62400C2F2000000684FF48071466A80
:1027000040F60040C4F2010000F066F9012845D10E
:1027100040F28867C2F20007398CB2B28A42BE84A6
:102720001AD9F86A541AA042BC6215D206F062FBAC
:1027300041F20001C4F2805106F0D8FB0546204664
:1027400006F058FB0146284606F022FA0021CBF697
:10275000807106F085F978633E8401B0F0BD00BF5A
:1027600040F28860C2F200000121C17001B0F0BDEA
:1027700040F28860C2F200000121417101B0F0BD59
:1027800040F28860C2F200004189B2B28A4286817A
:102790000FD9511A416101B0F0BD00BF40F288600D
:1027A000C2F20000818CB2B28A42C68484BF511A40
:1027B000C16201B0F0BD000040F21441C4F2010159
:1027C0000A68024214BF08607047FFF71BBF000091
:1027D0002DE9F04F82B041F60043C4F201030E68C8
:1027E0000622984208BF0522002E009200F0F080D9
:1027F000A0F18043A3F5843340F200484FF6FF7503
:102800004FEAB327C4F20108009A4FF0000E0123EB
:10281000C1F210054FF00F0C4FF0000A4FF0000B03
:10282000052F38BF3A46009209E000BF0E680AF152
:10283000010A36FA0AF20EF1040E00F0C98003FA1A
:102840000AF916EA090FF1D04E68AE4212DC122ED8
:1028500056D8DFE806F0350B4549555555555555C1
:10286000555555555555554D510000BFD1F80CB033
:1028700046E000BF4FF6FF72C1F2210296420FDC24
:102880000022C1F2110296421AD00022C1F21202B5
:10289000964215D00022C1F22102964210D02FE0BC
:1028A0000022C1F2220296420AD00022C1F2310275
:1028B000964205D00022C1F23202964220D100BFDA
:1028C0008E684EB1012E14BFC0F81490C0F810905D
:1028D0004FF0080B14E000BF4FF0040B10E000BFF6
:1028E000CF6807F1080B0BE04FF0000B08E000BFCA
:1028F000CF6807F1040B03E0CF6807F10C0B00BFB2
:1029000074460746BAF1080F24BF203C04373E68DE
:102910000CFA04F226EA02020BFA04F632433A6099
:10292000CA79D2067FF582AF41F21807C4F20207D6
:102930003A684FF6084342F001023A603A68CFF62F
:10294000FF7302F001020192019A2AF0030242444D
:10295000D7580EF00C060CFA06F4A743009C04FAB4
:1029600006F63743D750D1F804C040F20C445FEA72
:10297000CC22D8F8082054BF22EA090642EA090608
:10298000C4F201045FEA8C22C8F80860226854BFD0
:1029900022EA090642EA09065FEA8C322660D8F884
:1029A000042054BF22EA090642EA09065FEACC3253
:1029B000C8F804604FF00F0C4FF00103D8F8002066
:1029C00054BF22EA090642EA0906C8F800602DE76A
:1029D00002B0BDE8F08F00008068084018BF0120F9
:1029E00070470000002A08BF090401617047000019
:1029F00040F68C10C2F200000068704740F2000000
:102A000040F68C11C2F20000C2F2000100780A68A0
:102A1000104408607047000080B542F20000C4F224
:102A20000200016841F010010160032000F08AF803
:102A30000F2000F005F800F027F8002080BD00000E
:102A400070B540F20006C2F2000640F24C01327846
:102A5000C2F200014FF47A730968B3FBF2F2044644
:102A6000B1FBF2F1084600F099FC0F2C4FF0010584
:102A700008D838B94FF0FF3021460022002500F079
:102A800035F87460284670BD82B041F21800C4F277
:102A900002000168022241F001010160016801F0B9
:102AA000010101910199416841F080514160406804
:102AB00000F08050009000980420C4F201000168EA
:102AC00062F31A61016002B070470000002848BF3D
:102AD000704700F01F01012202FA01F14EF20012CC
:102AE0004009CEF2000242F82010704710B54EF6B1
:102AF0000C5CCEF2000CDCF80030C3F3022E8EF03A
:102B00000704042C28BF0424BEF103034FF0FF3E4A
:102B10000EFA04F438BF0023A14399400EFA03F3E0
:102B20009A43114300F00F02043A624409010C3247
:102B300000F16043B0F1FF3FC8BF03F5644211707C
:102B400010BD00004EF60C51CEF200010A684FF69F
:102B5000FF031A4060F30A2242F0806040F0FD70EB
:102B60000860704780B5411E0F294FF0000039D82A
:102B7000DFE801F00C2A3808383838083838383897
:102B80003838383ABDE8804000F002BA41F204001B
:102B9000C4F20200C16940F202320A40B2F5817FFC
:102BA00004BF4FF4004080BD01F44071B1F5407F97
:102BB0004CD0B1F5007F51D1006A49F64041800701
:102BC00001EAE07080BD00BF00F0CEF941F20401DF
:102BD000C4F2020109680222C1F3813102EB410112
:102BE000B0FBF1F080BD00BF41F20401C4F202016C
:102BF0000A6851F8040CC0015CBF002080BDC2F31C
:102C0000834017A3185CD20306D440F60012C0F22A
:102C10003D0250430CE000BF0A6815A3C2F34042D6
:102C20009A5C41F20023C0F27A03B3FBF2F2504304
:102C30000968490248BF80BD4AF6AB214000CAF688
:102C4000AA21A0FB0101480880BD00BF50F8040C78
:102C50004FF22441800301EAE07080BD002080BD76
:102C600002030405060708090A0B0C0D0E0F1010CD
:102C7000010200002DE9F04182B00446007841F2E3
:102C80001C06C007C4F202064AD0306810F0805813
:102C900008D1306840F080503060306800F08050DB
:102CA0000190019847F20007C4F200073868C00598
:102CB00012D4386840F480703860FFF799FE0546FA
:102CC0003868C00508D4FFF793FE401B6428F7D985
:102CD000032002B0BDE8F081706810F4407012D09B
:102CE000616801F4407188420DD0706840F2404242
:102CF000C4F24222012320F4407113600023C00774
:102D0000136071602AD17068616820F440700843D4
:102D1000B8F1000F706003D1306820F0805030604F
:102D20002068810707D556F8181CA26821F4404195
:102D3000114346F8181CC00604D4002002B0BDE8B8
:102D4000F08100BF56F8180C616920F48000084338
:102D500046F8180C002002B0BDE8F081FFF748FEED
:102D6000054641F2883700BF70688007CBD4FFF773
:102D70003FFE401BB8424FF00300F5D9EBE70000DF
:102D80002DE9F04381B0002800F0858042F2000870
:102D9000C4F202080446D8F800000D4600F007000F
:102DA00088420CD2D8F8000020F007002843C8F869
:102DB0000000D8F8000000F00700A8426BD120689E
:102DC00041F204098107C4F2020917D5410705D56C
:102DD000D9F8001041F4E061C9F80010010705D5E9
:102DE000D9F8001041F46051C9F80010D9F800106A
:102DF000A26821F0F0011143C9F80010C00741D1C9
:102E0000D8F8000000F00700A8420CD9D8F800005C
:102E100020F007002843C8F80000D8F8000000F0B0
:102E20000700A84237D12068410707D5D9F800101C
:102E3000E26821F4E0611143C9F80010000708D5E9
:102E4000D9F80000216920F4605040EAC100C9F8B7
:102E50000000D9F8002002F00C00082841F2002000
:102E6000C0F27A0050D149F23C33C2F38341C0F63C
:102E70000003595CD2033BD440F60010C0F23D0081
:102E8000484341E0606802280AD001282AD159F855
:102E9000041C890308D4012001B0BDE8F08300BF01
:102EA00059F8041C8901F6D5D9F8001021F0030166
:102EB0000843C9F80000FFF79BFD064641F288373A
:102EC000D9F80000616800F00C00B0EB810F97D0DA
:102ED000FFF78EFD801BB842F2D9032001B0BDE898
:102EE000F08300BF59F8041C8907D4D5DCE700BF84
:102EF000D9F8002049F2CC23C2F34042C0F60003C7
:102F00009A5C4843B0FBF2F0D9F8001049F2742201
:102F1000C1F30311C0F60002515C40F24C0220FAEA
:102F200001F140F20400C2F200000068C2F20002A7
:102F30001160FFF785FD002001B0BDE8F0830000BF
:102F400040F24C0041F20401C2F20000C4F202015E
:102F50000068096849F28422C1F30221C0F6000228
:102F6000515CC8407047000040F24C0041F204013F
:102F7000C2F20000C4F202010068096849F284222A
:102F8000C1F3C221C0F60002515CC8407047000086
:102F900041F2040CC4F2020CDCF8003003F00C0027
:102FA000082841F20020C0F27A0018BF704749F2A9
:102FB0003C31C3F38342C0F600018A5CD90305D4D7
:102FC00040F60010C0F23D0050437047DCF800109E
:102FD00049F2CC23C1F34041C0F60003595C504391
:102FE000B0FBF1F0704700002DE9F04182B00028FD
:102FF00068D00446007841F20006C007C4F2020619
:1030000025D0706800F00C0004281BD0706800F018
:103010000C00082802D17068C00313D4606800282F
:1030200000F06881B0F5A02F00F07C81B0F5803F02
:1030300000F07C81306820F480303060306820F40B
:10304000802076E13068800301D56068D0B32078B5
:10305000800718D5706810F00C0F07D0706800F06A
:103060000C0008286ED17068C0036BD430688007EC
:1030700002D52069012825D13068616920F0F80067
:1030800040EAC1003060207800071FD42078400754
:1030900032D4E56995B1706800F00C00082840F062
:1030A0008F80012D0ED07068216A00F480328A4230
:1030B00008D1616A00F47010884203D1002002B088
:1030C000BDE8F081012002B0BDE8F081A0690028D0
:1030D00062D00020C4F242200121C0F88014FFF722
:1030E00087FC0546706A800700F18C80FFF780FC42
:1030F000401B0228F6D92AE1F06910F0805808D167
:10310000F06940F08050F061F06900F0805000906C
:10311000009847F20007C4F200073868C00529D4B8
:10312000386840F480703860FFF762FC054600BFE5
:103130003868C0051ED4FFF75BFC401B6428F7D934
:1031400005E100BF2069002840F20000C4F24220DF
:1031500000F0828001210160FFF74AFC054600BFB4
:10316000306880073FF588AFFFF742FC401B02281C
:10317000F6D9ECE0E068002800F08080052800F037
:103180009780012800F09880306A20F001003062BA
:10319000306A20F0040092E00020C4F242200021B6
:1031A000C0F88014FFF724FC054600BF706A800752
:1031B0007FF56CAFFFF71CFC401B0228F6D9C6E078
:1031C0000027C4F2422700203866FFF711FC022DC9
:1031D00005460BD13068800140F1BE80FFF708FC46
:1031E000401B02284FF00300F4D968E730688001E3
:1031F0007FF564AFFFF7FCFB401B02284FF0030094
:10320000F4D95CE740F24C00C2F20000006844F6DA
:10321000D351C1F26201A0FB0101480A019000BF35
:1032200000BF0198411E002801913FF42FAF00BF5D
:103230000198411E002801913FF428AF00BF01987A
:10324000411E002801913FF421AF00BF0198411EAB
:1032500000280191E4D119E700210160FFF7C8FBC4
:10326000054600BF306880077FF50DAFFFF7C0FB54
:10327000401B02284FF00300F4D920E7306A20F009
:1032800001003062306A20F004003062FFF7B0FBCA
:10329000054641F2883700BF306A800720D5FFF726
:1032A000A7FB401BB8424FF00300F5D907E700BF6A
:1032B000306A40F004003062306A40F00100306251
:1032C000FFF796FB054641F2883700BF306A80075A
:1032D00006D4FFF78DFB401BB842F7D937E000BF9B
:1032E000B8F1000F7FF4D5AEF06920F08050F061A6
:1032F000CFE600BF306820F480303060306820F4C2
:1033000080203060FFF774FB054600BF3068800303
:103310007FF59DAEFFF76CFB401B64284FF0030068
:10332000F4D9CCE6306840F480203060306840F456
:1033300080303060FFF75CFB054600BF30688003DB
:103340003FF585AEFFF754FB401B6428F6D90320F8
:1033500002B0BDE8F08100BF206AB0F5803F05D122
:103360007168A26821F40031114371607168626A6A
:1033700021F4741110430843706001203866FFF790
:1033800037FB0446306880013FF598AEFFF730FB0D
:10339000001B02284FF00300F4D990E6411E0020E4
:1033A000B0EB116F1CBF012070474EF21002CEF23D
:1033B000000251604EF62351CEF20001F0230B7053
:1033C000072190601160704770470000704700004F
:1033D000B0B590F83C20012A04BF0220B0BD01F135
:1033E00008053CCDD1E900CE23F47C5322F4705281
:1033F0001A432EF4F0431A432CF4E0431A4324F406
:10340000C0431A432A43C96922F480420368114326
:103410005964002180F83C100846B0BD10B590F802
:103420003C20012A4FF002023FD080F83D20026884
:10343000D2F804E0D2F808C00C682EF070032343E1
:1034400040F6FF34C4F20004A242536010DCB2F133
:10345000804F1FD040F20043C4F200039A4219D0BB
:1034600040F60003C4F200039A4213D017E000BFF5
:1034700040F60043C4F200039A420BD043F20043EB
:10348000C4F201039A4205D042F60043C4F201039C
:103490009A4204D149682CF08003194391600121BC
:1034A000002280F83D1080F83C20104610BD00003E
:1034B000002804BF0120704710B5044690F83D0075
:1034C00028B9002084F83C00204600F01FF80220B4
:1034D00084F83D002068211D02F05EF8012084F888
:1034E000460084F83E0084F83F0084F8400084F8E9
:1034F000410084F8420084F8430084F8440084F8D2
:10350000450084F83D00002010BD000080B582B069
:10351000006840F6FF71C4F20001884224DD41F2E8
:103520000001C4F20001884236D041F20041C4F2E9
:103530000001884248D042F60041C4F201018842AD
:1035400067D141F21C00C4F2020050F8041C41F49F
:10355000006140F8041C50F8040C00F40060019075
:10356000019802B080BD00BFB0F1804F44D040F25E
:103570000041C4F2000188424BD141F21C00C4F268
:103580000200016841F002010160006800F00200E1
:103590000190019802B080BD41F21C00C4F202000B
:1035A0000168002241F0100101600068002100F074
:1035B0001000019001983620FFF798FA362002B0EB
:1035C000BDE88040FFF782BA41F21C00C4F202005D
:1035D0000168002241F0200101600068002100F034
:1035E0002000019001983720FFF780FA372002B0C1
:1035F000BDE88040FFF76ABA41F21C00C4F2020045
:10360000016841F001010160006800F001000190D3
:10361000019802B080BD000090F83D1001291CBF48
:1036200001207047022180F83D10006840F6FF320B
:10363000C168C4F20002904241F00101C1600FDC98
:10364000B0F1804F1ED040F20041C4F20001884228
:1036500018D040F60001C4F20001884212D018E0F0
:1036600040F60041C4F2000188420BD043F2004111
:10367000C4F20101884205D042F60041C4F20101C2
:10368000884206D1816801F00701062904BF0020A5
:103690007047016841F0010101600020704700009F
:1036A00080B590F83C20012A4FF0020200F0C28061
:1036B00080F83D20D0F800C04FF67772DCF8083073
:1036C00023EA0202CCF808200B684F2B28DC1F2BC2
:1036D00044DD202B45D0302B43D0402B40F0AC8034
:1036E000D1F804E0C968DCF82030DCF8202022F0B2
:1036F0000102CCF82020DCF8182022F0F00242EA87
:10370000011123F00A0242EA0E02CCF81810CCF89C
:103710002020DCF8081041F0470121F0300180E062
:103720006F2B27DDB3F5005F48D0B3F5805F7AD00B
:10373000702B40F08180D1E901E3C968DCF80820F2
:1037400043EA0E0322F47F4243EA01211143CCF8FD
:103750000810DCF8081041F0770162E00BB1102B83
:103760006AD1DCF8081021F07001194341F007011B
:1037700057E000BF502B35D0602B5DD1D1F804E06D
:10378000C968DCF82030DCF8202022F01002CCF8E8
:103790002020DCF8182022F4704242EA013123F0A4
:1037A000A00242EA0E12CCF81810CCF82020DCF867
:1037B000081041F0670121F0100132E0D1E901E386
:1037C000C968DCF8082043EA0E0322F47F4243EA8A
:1037D00001211143CCF80810DCF8081041F48041B5
:1037E0001FE000BFD1F804E0C968DCF82030DCF845
:1037F000202022F00102CCF82020DCF8182022F052
:10380000F00242EA011123F00A0242EA0E02CCF869
:103810001810CCF82020DCF8081041F0570121F0F6
:103820002001CCF808100022012180F83D10002171
:1038300080F83C10104680BD0122F5E7704700007B
:1038400070B504460068C5680669B10716D515F05D
:10385000020113D06FF0020101610121217780691B
:10386000800703D02046FFF7E9FF05E0204600F07F
:1038700005F9204600F07CFA00202077700719D562
:1038800015F0040016D020686FF0040101610221D8
:103890002177806910F4407F04D02046FFF7CEFFE7
:1038A00006E000BF204600F0E9F8204600F060FA8C
:1038B00000202077300717D515F0080014D02068B5
:1038C0006FF00801016104212177C069800703D0EE
:1038D0002046FFF7B3FF05E0204600F0CFF8204672
:1038E00000F046FA00202077F00619D515F01000F8
:1038F00016D020686FF01001016108212177C0699E
:1039000010F4407F04D02046FFF798FF06E000BF88
:10391000204600F0B3F8204600F02AFA0020207775
:10392000F00718BF15F0010002D1300609D412E0EB
:1039300020686FF001010161204600F08DFA300629
:1039400009D515F0800006D020686FF08001016174
:103950002046FFF739FD700609D515F0400006D066
:1039600020686FF040010161204600F03DFBB00689
:1039700058BF70BD15F0200008D021686FF02002FC
:1039800020460A61BDE87040FFF720BD70BD000011
:1039900080B586B0006842F6FF31C4F2010188426A
:1039A0004FF00001CDE90411CDE9021118DCB0F1AE
:1039B000804F31D040F20041C4F2000188425BD117
:1039C00041F21800C4F20200016841F004010160F4
:1039D000006800F0040001900198C0202AE000BFB8
:1039E00043F20041C4F20101884229D042F600416D
:1039F000C4F2010188423FD141F21800C4F2020032
:103A0000016841F004010160006800F004000190C9
:103A100001984FF470600DE041F21800C4F202000A
:103A2000016841F004010160006800F004000190A9
:103A300001980C20029040F60000C4F2010015E04D
:103A400041F21800C4F20200016841F01001016067
:103A5000006800F01000019001984FF4407002904F
:103A600040F60000C4F2010000F50060022103915D
:103A7000059102A9FEF7ACFE06B080BD70470000BC
:103A80002DE9F04190F83C30012B04BF0220BDE845
:103A9000F0814FEAB202032A00F21A81DFE802F055
:103AA00002468ED8036843F200461D6A1A6A25F062
:103AB000020522F001021A621A465C6852F818EFF9
:103AC0008F68D1F800C0C4F20106B34245EA070589
:103AD00005D042F60047C4F20107BB4205D1CF68CA
:103AE00025F00C0527F004073D43B34205D042F60C
:103AF0000046C4F20106B34205D1D1E9056724F4BA
:103B0000407434433C432EF0730747EA0C075C6073
:103B10009F614F6809695F631D629F6947F00807ED
:103B20009F619F6927F004079F61C7E0036843F224
:103B300000481D6A1A6A25F0200522F010021A6258
:103B40001A465C6852F818EF8F68D1F800C0C4F2CA
:103B50000108434545EA071505D042F60047C4F27F
:103B60000107BB4207D1CF686FF0400625F0C005C2
:103B700006EA07163543434505D042F60046C4F22F
:103B80000106B34207D1D1E9056724F4406444EA51
:103B9000860444EA87042EF4E64747EA0C275C6073
:103BA0009F614F6809699F631D629F6947F40067C1
:103BB0009F619F6927F480679F617EE0036843F2FD
:103BC00000481D6A1A6A25F4007522F480721A6290
:103BD0001A465C6852F81CCF8F68D1F800E0C4F236
:103BE0000108434545EA072505D042F60047C4F2DF
:103BF0000107BB4208D1CF6840F2FF463F0225F4DF
:103C0000406527EA06063543434505D042F600469F
:103C1000C4F20106B34207D1D1E9056724F4405448
:103C200044EA061444EA07142CF0730747EA0E0727
:103C30005C60DF614F680969DF631D62DF6947F01F
:103C40000807DF61DF6927F00407DF6136E000BFA6
:103C5000036843F20047D3F820C01A6AC4F2010790
:103C600022F480521A621A465C6852F81C5FD1F83E
:103C700000E08E68BB4205D042F60047C4F201075F
:103C8000BB4204D14F6924F4804444EA87142CF4E5
:103C9000005747EA063725F4E64646EA0E265C60FA
:103CA000DE614E6809691E641F62DF6947F40067C0
:103CB000DF61DF6927F48067DF6109021368194358
:103CC00011600021002280F83C200846BDE8F08108
:103CD0000121002280F83C200846BDE8F081000068
:103CE000002804BF0120704710B5044690F83D003D
:103CF00028B9002084F83C00204600F01FF802207C
:103D000084F83D002068211D01F046FC012084F864
:103D1000460084F83E0084F83F0084F8400084F8B0
:103D2000410084F8420084F8430084F8440084F899
:103D3000450084F83D00002010BD000081B00068FF
:103D400043F20041C4F20101884201D001B0704742
:103D500041F21800C4F20200016841F40051016010
:103D6000006800F400500090009801B07047000017
:103D70007047000041B1082910D0042914BF00F198
:103D8000410200F13F020BE090F83E20012A1CBFE7
:103D900001207047022280F83E2013E000F140022B
:103DA0001278012A1CBF012070470222082907D07F
:103DB000042914BF80F8412080F83F2002E000BFB2
:103DC00080F84020006801F01F010122036A02FA16
:103DD00001F123EA01020262026A114340F6FF3256
:103DE000C4F20002904201620EDCB0F1804F25D097
:103DF00040F20041C4F2000188421FD040F60001A9
:103E0000C4F2000118E000BF40F60041C4F2000116
:103E1000884213D043F20042C4F2010242F600414C
:103E20009042C4F2010101D088420ED1436C90420D
:103E300043F40043436401D0884206D1816801F015
:103E40000701062904BF00207047016841F0010105
:103E5000016000207047000070B540F66C01C2F2AE
:103E6000000100680968884240F0A98040F2E0152E
:103E7000C2F200052868411C296020B9E86A0130B7
:103E8000E86200202860686801300528686004D175
:103E9000286B0130286300206860A86801300A2878
:103EA000A86004D1686B013068630020A860E868EE
:103EB00001301428E86004D1A86B0130A863002009
:103EC000E860286901306428286104D1E86B01307A
:103ED000E8630020286168690130B0F5FA7F686105
:103EE00004D1286C0130286400206861A869013081
:103EF000B0F57A7FA86104D1686C01306864002055
:103F0000A861E8690130B0F5FA6FE86104D1A86CE6
:103F10000130A8640020E861286A49F2E0310130EC
:103F2000C0F204018842286204D1E86C0130E864E0
:103F300000202862686A40F2B82601306428C2F284
:103F4000000668621BD10020686203F095FB71686F
:103F500002460846114603F0EDFA0021044604F03B
:103F600004FE38B184F0004004F008FF03F0D4FAF6
:103F700005E000BF204604F001FF03F0C1FAA86A83
:103F800001306428A8621AD10020A86203F090FBD7
:103F9000B16802460846114603F02AFB0021044698
:103FA00004F0E3FD30B184F0004004F0E7FE03F0DC
:103FB00011FB04E0204604F0E1FE03F0FFFA40F6B6
:103FC0002400C2F2000000680169C90708BF70BD83
:103FD0006FF00101016140F28860C2F20000816B64
:103FE0000131816370BD0000704700007047000020
:103FF00010B504460068416994F84120212A58D13F
:1040000011F0800155D000BF50E8050F216820F065
:10401000800041E80502EAB1206850E8050F2168F8
:1040200020F0800041E80502A2B1206850E8050FA9
:10403000216820F0800041E805025AB1206850E86C
:10404000050F216820F0800041E8050212B12068C8
:10405000DAE700BFA06B002818BFFDF7FFFF00BF25
:10406000206850E8030F216820F0C00041E80302F7
:10407000DAB1206850E8030F216820F0C00041E861
:10408000030292B1206850E8030F216820F0C000BD
:1040900041E803024AB1206850E8030F216820F08C
:1040A000C00041E80302002ADAD1202084F8410050
:1040B0002068416994F84220222A40F0A98011F03A
:1040C000400100F0A58000BF50E8050F216820F0F6
:1040D000400041E80502EAB1206850E8050F216878
:1040E00020F0400041E80502A2B1206850E8050F29
:1040F000216820F0400041E805025AB1206850E8EC
:10410000050F216820F0400041E8050212B1206847
:10411000DAE700BFE06B002818BFFDF79FFF00BF84
:10412000206850E8030F216820F4907041E80302F2
:10413000BAB3206850E8030F216820F4907041E87A
:10414000030272B3206850E8030F216820F49070D6
:1041500041E803022AB3206850E8030F216820F4E5
:10416000907041E80302002ADAD11AE0206850E892
:10417000050F216820F0010041E80502DAB120684E
:1041800050E8050F216820F0010041E8050292B1D6
:10419000206850E8050F216820F0010041E8050281
:1041A0004AB1206850E8050F216820F0010041E87D
:1041B0000502002ADAD1206B012824D1206850E8BA
:1041C000030F216820F0100041E80302DAB12068F3
:1041D00050E8030F216820F0100041E8030292B17B
:1041E000206850E8030F216820F0100041E8030226
:1041F0004AB1206850E8030F216820F0100041E820
:104200000302002ADAD1202084F842000020206333
:10421000002010BD70470000B0B582B004460068B1
:104220000168C368426901F02F05202D03F02005C5
:1042300006D12DB1204602B0BDE8B04001F00EBC61
:104240005FEA017C1EBF02F0010E03F4907212EBD4
:104250000E0255D1226B012A05D111F0100218BFB0
:1042600013F0100236D10A0622D513F080021FD0B7
:1042700094F84110212941D1A168B1F5805F03D1A3
:104280002169002900F07282216A4A1C22620978A1
:104290004160E18C01390A04E1842FD1C16821F029
:1042A0008001C160C16841F04001C16002B0B0BD91
:1042B000490623D513F0400120D0C16821F0400108
:1042C000C1602021204684F8411002B0BDE8B04012
:1042D00000F0D6BC00210191016801914168019173
:1042E00001994169490600F18F80A18DE28DE38D2E
:1042F000002B1CBF891A5FEA01420CD102B0B0BD8D
:10430000CA0718BF13F4807240F038814A0700F1E1
:104310003B8140E1206850E8030F226820F4907050
:1043200042E80303DBB1206850E8030F226820F461
:10433000907042E8030393B1206850E8030F2268AD
:1043400020F4907042E803034BB1206850E8030F5B
:10435000226820F4907042E80303002BDAD1206831
:1043600050E8050F226820F0010042E80503DBB1A8
:10437000206850E8050F226820F0010042E805039C
:1043800093B1206850E8050F226820F0010042E850
:1043900005034BB1206850E8050F226820F00100AA
:1043A00042E80503002BDAD1202084F842000020E7
:1043B0002063206850E8030F226820F0100042E8D4
:1043C0000303DBB1206850E8030F226820F01000DF
:1043D00042E8030393B1206850E8030F226820F0FD
:1043E000100042E803034BB1206850E8030F226835
:1043F00020F0100042E80303002BDAD1022289B238
:1044000020466263B4E000BFE16B0A68526893B271
:10441000002B3FF473AFA58DAB42BFF46FAFE285C5
:104420008969202900F09D8050E8030F216820F45D
:10443000807041E80302EAB1206850E8030F216868
:1044400020F4807041E80302A2B1206850E8030F15
:10445000216820F4807041E803025AB1206850E8D6
:10446000030F216820F4807041E8030212B1206834
:10447000DAE700BF206850E8050F216820F001004E
:1044800041E80502DAB1206850E8050F216820F004
:10449000010041E8050292B1206850E8050F21684B
:1044A00020F0010041E805024AB1206850E8050FFC
:1044B000216820F0010041E80502002ADAD12068D5
:1044C00050E8050F216820F0400041E80502DAB10C
:1044D000206850E8050F216820F0400041E80502FF
:1044E00092B1206850E8050F216820F0400041E8B3
:1044F00005024AB1206850E8050F216820F040000D
:1045000041E80502002ADAD1202084F84200002088
:104510002063206850E8030F216820F0100041E874
:104520000302DAB1206850E8030F216820F0100080
:1045300041E8030292B1206850E8030F216820F09F
:10454000100041E803024AB1206850E8030F2168D7
:1045500020F0100041E80302002ADAD1E06BFDF7F9
:104560007DFD02206063A08DE18D401A81B220465E
:1045700002B0BDE8B040FFF739BD00BF626C42F049
:10458000010262644A0706D5BEF1000F03D0626CD7
:1045900042F0020262648A0706D5BEF1000F03D022
:1045A000626C42F004026264BCF1000F06D555EA69
:1045B0000E0203D0626C42F008026264626C002A50
:1045C0003FF49CAE11F0200118BF002D03D020460F
:1045D00001F044FA20684169626C01F0400102F088
:1045E0000802891800F0A28050E8030F216820F427
:1045F000907041E80302C2B3206850E8030F2168BD
:1046000020F4907041E803027AB3206850E8030F69
:10461000216820F4907041E8030232B3206850E82A
:10462000030F216820F4907041E80302EAB120688A
:10463000DAE700BF206850E8050F216820F001008C
:1046400041E80502DAB1206850E8050F216820F042
:10465000010041E8050292B1206850E8050F216889
:1046600020F0010041E805024AB1206850E8050F3A
:10467000216820F0010041E80502002ADAD1206B10
:10468000012824D1206850E8030F216820F0100091
:1046900041E80302DAB1206850E8030F216820F0F6
:1046A000100041E8030292B1206850E8030F21682E
:1046B00020F0100041E803024AB1206850E8030FDF
:1046C000216820F0100041E80302002ADAD12020FE
:1046D00084F84200002020632068416949063FD5E4
:1046E00050E8050F216820F0400041E805022AB398
:1046F000206850E8050F216820F0400041E80502DD
:10470000E2B1206850E8050F216820F0400041E840
:1047100005029AB1206850E8050F216820F040009A
:1047200041E8050252B12068DAE700BF2046FFF7F2
:1047300071FD0020606402B0B0BD00BFE06B78B1D5
:1047400045F25D71C0F600014163FDF7ABFC002846
:104750003FF4D4ADE06B416B02B0BDE8B040084718
:10476000204602B0BDE8B040FFF754BD216A31F8E1
:10477000022B6FF35F22426021628AE5002804BFAA
:104780000120704710B5044690F8410028B9002078
:1047900084F84000204600F061F8242084F84100AD
:1047A0002068D4E90212C36823F40053C36003698C
:1047B00023F440531A430261D4E904231143C2682D
:1047C000194341F20C639A431143C1604169A269E4
:1047D00021F44071114343F60002C4F201029042F9
:1047E000416103D0FEF7ACFB02E000BFFEF7BCFB6B
:1047F0006268192148439100B0FBF1F048F21F5163
:10480000C5F2EB11A0FB01235A096FF0630302FB11
:104810000300322303EB0010A0FB0101F02303EAA5
:104820005113206803EB0212C1F34311114481605C
:10483000016921F490410161416921F02A0141613E
:10484000C16841F40051C16000202021606484F8F7
:10485000411084F84210606310BD00002DE9F04360
:1048600085B00446006844F60001C4F20001002649
:1048700088420496CDE90266019663D043F60001B2
:10488000C4F20101884240F0908041F21807C4F25E
:104890000207386840F6004540F4804038603868C8
:1048A000C4F2010500F480400090009838680DF1D2
:1048B000040940F0080038603868494600F00800F4
:1048C0000090009840200190022002900320049064
:1048D0002846FDF77DFF4FF0800800262846494610
:1048E000CDF80480CDE90266FDF772FF0420C4F222
:1048F0000100016840F2087541F0E06141F00401F7
:104900000160A7F57C60C2F200052021C5E9000620
:104910002846C5E90268C5E90466C5E90616FDF73B
:10492000A7FD002818BFFCF7FFFF2520002100226B
:10493000E5636C62FEF7DAF82520FEF7C7F805B0EC
:10494000BDE8F08341F21C00C4F20200016840F6A9
:10495000004441F4802101600068C4F2010400F4C5
:1049600080200090009841F21800C4F20200016813
:1049700001AD41F0080101600068294600F008001F
:10498000009000984FF48060019002200290032074
:1049900004902046FDF71CFF4FF40060CDE90106AE
:1049A000204629460396FDF713FF05B0BDE8F083C6
:1049B00070B582B0044690F8420020280AD1134610
:1049C0000A4600294FF0010018BF002B06D102B0A3
:1049D00070BD00BF022002B070BD00BF00252220C4
:1049E0002563A262A385656484F842002168E06BB8
:1049F00045F6E50C45F6452E45F26976C0F6000C05
:104A0000C0F6000EC0F600060431C0E90ACEC0E9C7
:104A10000C65FDF77DFD01952068016801914168F5
:104A200001910199216929B350E8030F216840F4ED
:104A3000807041E80302EAB1206850E8030F216862
:104A400040F4807041E80302A2B1206850E8030FEF
:104A5000216840F4807041E803025AB1206850E8B0
:104A6000030F216840F4807041E8030212B120680E
:104A7000DAE700BF206850E8050F216840F0010028
:104A800041E80502E2B1206850E8050F216840F0D6
:104A9000010041E805029AB1206850E8050F21683D
:104AA00040F0010041E8050252B1206850E8050FCE
:104AB000216840F0010041E80502002ADAD100BF78
:104AC000206850E8050F216840F0400041E80502E9
:104AD000DAB1206850E8050F216840F0400041E855
:104AE000050292B1206850E8050F216840F04000AF
:104AF00041E805024AB1206850E8050F216840F0FE
:104B0000400041E80502002ADAD1002002B070BD61
:104B100070470000704700002DE9F041044690F80E
:104B2000410020281CBF0220BDE8F0810F4600296B
:104B30004FF0010000F082801646002A08BFBDE851
:104B4000F0814FF0000821201D46C4F8448084F80D
:104B50004100FDF74DFFA684E684A1680646B1F545
:104B6000805F05D12069002814BF3846B846074643
:104B7000E08CC8B1681C19D0002D61D1216807E014
:104B800017F8010B4860E08C0138E084E08C68B3D2
:104B9000086800064CD5002FF2D138F8020B002728
:104BA0006FF35F20EEE700BF21681FE0216802E09D
:104BB0000868000609D40868000606D408680006DC
:104BC0005CBF08685FEA0060F2D51FB117F8010BFF
:104BD00005E000BF38F8020B00276FF35F20486044
:104BE000E08C0138E084E08C0028E4D108684006BD
:104BF0001CD4EDB1681C0FD10868400616D40868B3
:104C0000400613D40868400610D4086840064FF0E8
:104C10000000F1D50FE000BFFDF7EAFE801BA842BF
:104C200008D82068C16800684006F5D5002002E079
:104C3000FDF7DEFE0320202184F84110BDE8F0815D
:104C4000216800BF0868000608D4FDF7D1FE801B6C
:104C5000A842EFD82168C868F4E700BF17B117F879
:104C6000010B04E038F8020B00276FF35F20486067
:104C7000E08C0138E084E08C0028E3D1B6E7000046
:104C800070470000FEE70000B0B584B040F2A01409
:104C9000C2F2000442F20041C4F20101204640F891
:104CA000101F4FF4807100224FF46023032502731C
:104CB0000275C361C0E901210561FCF7C5FF002849
:104CC00018BFFCF731FE0820019001201034CDE917
:104CD000020501A92046FCF7DDFE002818BFFCF7FD
:104CE00023FE0E2001900220029001A92046FCF72D
:104CF000D1FE002818BFFCF717FE0F2001900320FB
:104D0000029001A92046FCF7C5FE002818BFFCF759
:104D10000BFE2046FCF736FE04B0B0BD80B582B075
:104D200041F21400C4F202000168002241F00101C6
:104D300001600068002100F00100019001980B2043
:104D4000FDF7D4FE0B20FDF7C1FE0F20002100224D
:104D5000FDF7CCFE0F2002B0BDE88040FDF7B6BEE7
:104D60002DE9F04F85B041F21800C4F2020001684D
:104D700041F2000641F0100101600168C4F2010631
:104D800001F01001019101990168012241F0200117
:104D900001600168012701F020010191019901687A
:104DA00041F004010160016801F0040101910199E1
:104DB000016841F00801016000684FF4204100F0F3
:104DC0000800019001983046FDF70CFE304641F690
:104DD000094100224FF00009FDF704FEA6F5006529
:104DE000284649F201010022FDF7FCFDA6F580648A
:104DF000204641F23C010022FDF7F4FD06F58068F3
:104E0000404604210022FDF7EDFD4BF6094001A9C3
:104E100081E8810201AF4FF0020B30463946CDF8F0
:104E200010B0FDF7D5FC4FF48040CDE901093046C4
:104E30003946CDF80C90FDF7CBFC40F2000AC1F2E8
:104E4000110A0AF58010029001200390304639467D
:104E5000CDF804B0FDF7BCFCC42001A981E8010C29
:104E600030463946FDF7B4FC49F2010001900126B5
:104E700002A880E8400A28463946FDF7A9FC41F21D
:104E80003C00CDE90106204639460125CDE9039BCA
:104E9000FDF79EFC4FF4404001A981E8010C20463B
:104EA0003946FDF795FC042001A981E8210A404616
:104EB0003946FDF78DFC4FF4407001900AF5001063
:104EC000CDE9020920463946FDF782FC0720002182
:104ED0000022FDF70BFE0720FDF7F8FD082000215A
:104EE0000022FDF703FE0820FDF7F0FD172000214A
:104EF0000022FDF7FBFD1720FDF7E8FD282000212B
:104F00000022FDF7F3FD2820FDF7E0FD05B0BDE828
:104F1000F08F000010B596B040F24C7042F600429F
:104F20000021C2F20000C4F2010223236324159180
:104F3000CDE913111191CDE90F11CDE90D11CDE995
:104F40000B11CDE90911CDE90711CDE90511CDE925
:104F50000311CDE90111C0E90023C0E90214C0E941
:104F600004118161FEF7A4FA002818BFFCF7DCFCED
:104F70004FF48050129040F24C70C2F2000012A91F
:104F8000FEF78EFB002818BFFCF7CEFC40F24C70F9
:104F9000C2F20000FEF7A4FE002818BFFCF7C4FC14
:104FA00040F24C700024C2F2000010A9CDE9104478
:104FB000FEF734FA002818BFFCF7B6FC6020CDE9F4
:104FC000090440F24C70C2F2000009A90022CDE9A8
:104FD0000B44CDE90D440F94FEF752FD002818BF95
:104FE000FCF7A2FC40F24C70C2F2000009A90422B6
:104FF000FEF746FD002818BFFCF796FC40F24C7007
:10500000C2F2000009A90822FEF73AFD002818BFE5
:10501000FCF78AFC40F24C70C2F2000009A90C2295
:10502000FEF72EFD002818BFFCF77EFC002005903F
:10503000CDE90300CDE901004FF40051089040F2A2
:105040004C700691C2F2000001A9FEF7C1F90028D8
:1050500018BFFCF769FC40F24C70C2F20000FEF78A
:1050600097FC16B010BD000010B58EB040F29470E1
:105070000021C2F200004FF08042232363240D91EF
:10508000CDE90B110991CDE90711CDE90511CDE964
:105090000311CDE90111C0E90023C0E90214016147
:1050A0008161FEF705FA002818BFFCF73DFC4FF4BC
:1050B00080500A9040F29470C2F200000AA9FEF7F4
:1050C000EFFA002818BFFCF72FFC40F29470C2F2F0
:1050D0000000FEF705FE002818BFFCF725FC40F293
:1050E00094700024C2F2000008A9CDE90844FEF73C
:1050F00095F9002818BFFCF717FC6020CDE90104E2
:1051000040F29470C2F2000001A9082203940594B1
:10511000FEF7B6FC002818BFFCF706FC40F29470BE
:10512000C2F2000001A90C22FEF7AAFC002818BF59
:10513000FCF7FAFB40F29470C2F20000FEF728FC84
:105140000EB010BD10B58EB040F2DC7040F20042DF
:105150000021C2F20000C4F20002232363240D9157
:10516000CDE90B110991CDE90711CDE90511CDE983
:105170000311CDE90111C0E90023C0E90214016166
:105180008161FEF795F9002818BFFCF7CDFB4FF4BD
:1051900080500A9040F2DC70C2F200000AA9FEF7CB
:1051A0007FFA002818BFFCF7BFFB40F2DC70C2F2A8
:1051B0000000FEF795FD002818BFFCF7B5FB40F294
:1051C000DC700024C2F2000008A9CDE90844FEF713
:1051D00025F9002818BFFCF7A7FB6020CDE90104E2
:1051E00040F2DC70C2F2000001A900220394059491
:1051F000FEF746FC002818BFFCF796FB40F2DC7077
:10520000C2F2000001A90422FEF73AFC002818BFF0
:10521000FCF78AFB40F2DC70C2F20000FEF7B8FB3C
:105220000EB010BD80B582B040F6240041F20002FD
:105230000021C2F20000C4F20002472341F2873C81
:10524000CDE90011C0E90023C0E9021C8161FEF72D
:105250002FF9002818BFFCF767FB40F62400C2F2C4
:1052600000006946FEF7DAF8002818BFFCF75CFB7F
:1052700002B080BD80B582B040F66C0041F20042C1
:105280000021C2F20000C4F20002472340F2E73CD2
:10529000CDE90011C0E90023C0E9021C8161FEF7DD
:1052A00007F9002818BFFCF73FFB40F66C00C2F27C
:1052B00000006946FEF7B2F8002818BFFCF734FB7F
:1052C00002B080BD80B592B040F6B40043F2004217
:1052D0000021C2F20000C4F2010223234FF0630C4C
:1052E0001191CDE90F11CDE90D11CDE90B11CDE9EA
:1052F0000911CDE90711CDE90511CDE90311CDE97A
:105300000111C0E90023C0E9021CC0E90411816158
:10531000FEF7E6FC002818BFFCF706FB40F6B400D9
:10532000C2F2000010A9FEF779F8002818BFFCF7B8
:10533000FBFA602009900020CDE90A00CDE90C00BD
:10534000CDE90E0040F6B400C2F2000009A908221F
:10535000FEF796FB002818BFFCF7E6FA40F6B4000B
:10536000C2F2000009A90C22FEF78AFB002818BF30
:10537000FCF7DAFA00200590CDE90300CDE9010041
:105380004FF40051089040F6B4000691C2F20000BC
:1053900001A9FEF71DF8002818BFFCF7C5FA40F672
:1053A000B400C2F20000FEF7F3FA12B080BD0000B4
:1053B00010B540F6FC0443F60000C2F20004C4F24B
:1053C00001004FF4165100220C2384E80700204608
:1053D000C4E90322C4E90532E261FFF7CFF90028EE
:1053E00018BFFCF7A1FA2368F022D86840F0100C2F
:1053F00040F2C420C2F2000000F2D1212046C3F8DE
:105400000CC0BDE81040FFF7D3BA000080B540F6ED
:10541000441044F60001C2F20000C4F2000100236F
:105420004FF00C0C4FF4E13280E80E00C0E903337A
:10543000C0E905C3C361FFF7A1F9002808BF80BD1B
:10544000BDE88040FCF770BAFEE70000FEE7000010
:10545000704700002DE9F04381B0144689460646A6
:10546000A2F101082FA7451E02E000BF022C48D080
:1054700038463146224601F0A7FD0C2DF8D8DFE86A
:1054800005F0110919092129310740090907070009
:10549000ECE700BF012CEBD199F80000013803289C
:1054A000E6D22EE0012CE3D199F80000411E02293A
:1054B000DED821E0012CDBD199F800000138042866
:1054C000D6D21EE0012CD3D199F800000138022871
:1054D000CED216E0012CCBD199F8000001381C285F
:1054E000C6D20EE0B8F10E0FC2D899F8000001380C
:1054F0000B28BDD205E000BF40F20801C2F2000156
:10550000087240F20805C2F2000505F1190049468B
:1055100022462E76FAF74DFF002085F8284001B08C
:10552000BDE8F083506C617954656E6E69735F4DB0
:105530006F6465436F6E74726F6C5F446174615326
:105540006574203D2025642025640D0A00000000BC
:1055500040F24421C2F200014860704770470000E9
:10556000A0F1A5015A38B1FA81F1B0FA80F04909E9
:105570004009084370470000FDF740BA704700003B
:1055800040F62400C2F20000FEF75AB940F66C0063
:10559000C2F20000FEF754B910B540F6FF3E0368B2
:1055A000C4F2000E43F2004C7045C4F2010C21DC41
:1055B000B0F1804F2CD040F20042C4F20002904281
:1055C00026D040F60002C4F20002904220D070457E
:1055D00024DCB0F1804F2FD040F20042C4F2000230
:1055E000904229D040F60002C4F20002904223D03B
:1055F00026E000BF40F60042C4F20002904207D00D
:10560000604505D042F60042C4F201029042DED16C
:105610004A6823F0700313437045DADD40F6004218
:10562000C4F20002904207D0604505D042F6004225
:10563000C4F20102904203D1CA6823F440731343B9
:1056400023F080024B69D1F800E08C681A43604572
:105650000260C462C0F828E005D042F60042C4F2FD
:105660000102904201D1096901630121416101698F
:10567000C90708BF10BD016921F00101016110BD1A
:1056800010B540F24C74C2F2000420460821FEF727
:1056900071FB20460C21BDE81040FEF76BBB0000FB
:1056A00010B540F24C74C2F2000420460021FEF70F
:1056B00061FB20460421BDE81040FEF75BBB000003
:1056C00010B540F2886040F29474C2F200000021EC
:1056D000C2F2000401864162018420460821FEF7DF
:1056E00049FB20460C21BDE81040FEF743BB0000FB
:1056F00010B540F2886040F2DC74C2F20000002174
:10570000C2F200040183C0F80A10C1808163204600
:105710000021FEF72FFB20460421BDE81040FEF7D4
:1057200029BB000040F62400C2F20000FDF774BF60
:1057300040F66C00C2F20000FDF76EBF10B540F6F7
:10574000B404C2F2000420460821FEF713FB2046F1
:105750000C21BDE81040FEF70DBB0000406A00219F
:10576000C185C184FEF756BD406A01684A6990F858
:105770004130212B2ED112F080022BD00022C28486
:1057800051E8031F026821F0C00142E80313EBB1A6
:10579000016851E8031F026821F0C00142E80313C9
:1057A000A3B1016851E8031F026821F0C00142E87B
:1057B00003135BB1016851E8031F026821F0C001C7
:1057C00042E8031313B10168DAE700BF202180F833
:1057D000411001684A6990F84230222B7CD112F0C6
:1057E000400279D00022C28551E8031F026821F4EB
:1057F000907142E80313C3B3016851E8031F0268C4
:1058000021F4907142E803137BB3016851E8031F50
:10581000026821F4907142E8031333B3016851E840
:10582000031F026821F4907142E80313EBB1016891
:10583000DAE700BF016851E8051F026821F00101A5
:1058400042E80513DBB1016851E8051F026821F049
:10585000010142E8051393B1016851E8051F026890
:1058600021F0010142E805134BB1016851E8051F21
:10587000026821F0010142E80513002BDAD1016B27
:10588000012924D1016851E8031F026821F01001A9
:1058900042E80313DBB1016851E8031F026821F0FD
:1058A000100142E8031393B1016851E8031F026835
:1058B00021F0100142E803134BB1016851E8031FC6
:1058C000026821F0100142E80313002BDAD12021F5
:1058D00080F8421000210163416C41F010014164E5
:1058E000FEF798BC0168406A0968890600F19F804C
:1058F0000021C185016851E8031F026821F480710D
:1059000042E80313E3B1016851E8031F026821F480
:10591000807142E803139BB1016851E8031F0268DC
:1059200021F4807142E8031353B1016851E8031F69
:10593000026821F4807142E80313002BDAD100BF22
:10594000016851E8051F026821F0010142E80513D2
:10595000BBB3016851E8051F026821F0010142E86C
:10596000051373B3016851E8051F026821F00101B6
:1059700042E805132BB3016851E8051F026821F0C6
:10598000010142E80513002BDAD11AE0016851E861
:10599000051F026821F0400142E80513DBB10168F0
:1059A00051E8051F026821F0400142E8051393B158
:1059B000016851E8051F026821F0400142E8051323
:1059C0004BB1016851E8051F026821F0400142E82F
:1059D0000513002BDAD1202180F84210016B012938
:1059E00025D100BF016851E8031F026821F01001B2
:1059F00042E80313DBB1016851E8031F026821F09C
:105A0000100142E8031393B1016851E8031F0268D3
:105A100021F0100142E803134BB1016851E8031F64
:105A2000026821F0100142E80313002BDAD10021B3
:105A30004163016B012918BFFFF76AB8818DFEF73A
:105A4000D5BA0000406A01214163016B012918BFEA
:105A5000FFF760B8818D4908FEF7C8BA81B090F8A9
:105A60004210222920D18368B3F5805F08D10169F3
:105A7000002965D000F128010A6803685B680AE024
:105A8000014651F8282F13B90369002BF5D003689C
:105A90005B6803F07F0313700A6801320A60C18DEE
:105AA00001390A04C18501D001B070470168CA6894
:105AB00022F02002CA60CA6822F48072CA604A6971
:105AC00022F001024A61202280F842200022426333
:105AD000036B012B3ED1026351E8031F026821F0E2
:105AE000100142E803130168DBB151E8031F0268AB
:105AF00021F0100142E80313016893B151E8031F3C
:105B0000026821F0100142E8031301684BB151E82B
:105B1000031F026821F0100142E803130168002B03
:105B2000DAD10A68D20606D5002200920A680092ED
:105B3000496800910099818D01B0FEF757BA00BF06
:105B40000168826A49686FF35F2122F8021B826252
:105B5000A5E700BF01B0FEF7DBBF000010B540F6BF
:105B6000FC04C2F200042046FEF756FB2046BDE8C6
:105B7000104000F001B800002DE9F04182B040F67D
:105B8000FC00C2F20000016843F60000C4F201000C
:105B9000814202D10168C90602D402B0BDE8F08199
:105BA00000210191016840F6FC0801914068C2F2B1
:105BB0000008019001984046FEF71AFA40F208707A
:105BC000C2F20000006840F2C4244068C2F200043F
:105BD00094F8D01204F5F075C0F1F0062846FAF7F3
:105BE00081FC84F8D062B6B204F2D1272846394647
:105BF0003246FAF7DEFB012084F8C103384631460D
:105C0000FAF74EFC40463946F02202B0BDE8F041BA
:105C1000FEF7CEBEFEE7000080B584B000204FF650
:105C20000002CDF80B00CDE9010001A8C0F6030287
:105C30000B21FBF77FFE9DF804103A3911F10A0F92
:105C40003BD39DF805103A3911F10A0F35D39DF871
:105C500006103A3911F10A0F2FD39DF807103A397F
:105C600011F10A0F29D39DF808103A3911F10A0FE2
:105C700023D39DF809103A3911F10A0F1DD39DF86D
:105C80000A103A3911F10A0F17D39DF80B103A395F
:105C900011F10A0F11D39DF80C103A3911F10A0FC6
:105CA0000BD39DF80D103A3911F10A0F05D39DF869
:105CB0000E103A3911F10A0F12D2012040F23401CC
:105CC000C2F200014FF04632C1F80720C1E90022BC
:105CD000012140F24422C2F20002117004B080BDE2
:105CE0000028EBD140F234000199DDF80B20029B33
:105CF000C2F20000C0F80720C0E900130020002114
:105D0000E7E7000040F2E010C2F20000C06B70470D
:105D100040F2E010C2F20000806B704740F2E010E9
:105D2000C2F20000806C7047F0B58FB000200E907A
:105D30005FA001F049F940F23400C2F2000080890E
:105D400009280FD8C1B2CD225143C90A01EB810104
:105D5000A0EB410040F030008DF80000002101244C
:105D60007CE000BF81B24CF6CD425143C90C01EB3F
:105D70008103A0EB430343F0300364288DF8003027
:105D800002D20122002040E04A43D20C830841F2B3
:105D90007B4702EB82027B43A1EB42015B0C41F0AB
:105DA0003001B0F57A7F8DF8011003D20222012074
:105DB0002AE000BFC10842F2C50251434CF6CD4271
:105DC0005A43D20C02EB8202A3EB420242F210735E
:105DD000090D42F0300298428DF8022002D20322CF
:105DE000022012E0000940F247325043CD224A43DC
:105DF000D20A02EB8202A1EB4201C30C41F0300057
:105E00008DF80300042203201946CBB2CD277B4333
:105E1000DB0A03EB8303A1EB430141F03003694646
:105E20008B548DF8383048B1114411F8012C0128F9
:105E30008DF8392004D102210FE000BF01210CE0D0
:105E400011F8022C02288DF83A2001D1032104E038
:105E500011F8031C8DF83B100421841C9DF80000F0
:105E60006D460EAE05F10807705438462A21FAF740
:105E700039FB45F24460C3F64950019045F2414078
:105E8000C4F22B100090384631462246FAF7D6FA73
:105E9000601940F60D210A3401810BA029462246E3
:105EA00001F092F82846214601F05AFD0FB0F0BDEE
:105EB00061745F616476695F7265715F68616E6469
:105EC0006C650D0A000000000D0A25732025640D85
:105ED0000A00000080B50AA001F076F840F2442CD8
:105EE000C2F2000C052341F20000C4F201004FF49D
:105EF000004101228CF80130BDE88040FCF772BD02
:105F000061745F616476695F7265735F68616E6416
:105F10006C650D0A0000000040F23401C2F200017D
:105F2000012202A08A7301F04FB800BF61745F6262
:105F30006C655F636F6E6E5F7265735F68616E64E0
:105F40006C650D0A0000000040F24420C2F200001F
:105F50000521417040F23401C2F20001002202A08A
:105F60000A748A7301F030B861745F626C655F64B3
:105F70006973636F6E6E5F7265735F68616E646C88
:105F8000650D0A00B0B540F23402C2F20002D27BC5
:105F9000052A00F2068104460D46DFE802F00313ED
:105FA00023334353002D40F0FC8049F23D41C0F6BD
:105FB000000120462A46FAF7B1F9002840F0F180A6
:105FC000B0E000BF082D59D149F20D41C0F60001E3
:105FD00020462A46FAF7A2F9002840F0E280012084
:105FE000B0BD00BF002D40F0DC8049F23D41C0F65D
:105FF000000120462A46FAF791F9002840F0D180A6
:106000000220B0BD052D4DD149F21F41C0F600015F
:1060100020462A46FAF782F9002840F0C280032081
:10602000B0BD00BF082D4DD149F21641C0F60001A8
:1060300020462A46FAF772F9002840F0B28004257B
:106040003DE000BF082D4FD0002D59D149F23D4110
:10605000C0F6000120462A46FAF760F9002861D010
:1060600049F23D41C0F6000120462A46FAF756F9AA
:1060700000280CBF02200520B0BD00BF092DC0F0D4
:10608000908049F20D41C0F6000120460822FAF73F
:1060900045F9002840F08580E0793D2804BF0120C3
:1060A000B0BD7EE0062D7CD349F21F41C0F6000151
:1060B000204605220525FAF731F9002842D0284666
:1060C000B0BD00BF092D6CD349F21641C0F60001E6
:1060D00020460822FAF722F9002862D1E0793D280B
:1060E00004BF0420B0BD5CE049F20D41C0F60001E0
:1060F00020462A46FAF712F960BB0120B0BD00BF66
:10610000092D11D349F20D41C0F6000120460822A5
:10611000FAF704F9F0B9E0793D2804BF0120B0BDD9
:1061200018E000BF0020B0BD052D11D149F21F417C
:10613000C0F6000120462A46FAF7F0F888BB032093
:10614000B0BD00BF20793D2804BF0320B0BD28E0CA
:10615000062D26D349F21F41C0F600012046052234
:10616000FAF7DCF820B920793D2804BF0320B0BD40
:10617000082D0BD149F21641C0F6000120462A46EF
:10618000FAF7CCF868B90420B0BD00BF092D08D3D8
:1061900049F21641C0F6000120460822FAF7BEF87F
:1061A00010B10520B0BD00BFE0793D280CBF042030
:1061B0000520B0BD7047000001A000F005BF00BF82
:1061C00061745F72657365745F7265735F68616E39
:1061D000646C650D0A00000080B50AA000F0F4FEB2
:1061E00040F24420C2F2000041780A2906D0022978
:1061F00018BF80BD0321417080BD00BF05214170E3
:1062000080BD00BF61745F7365746E616D655F72A0
:1062100065735F68616E646C650D0A00B0B584B02B
:1062200050B30D4641B3044600782B2836D04F2892
:1062300054D160784B2851D1281910F8011C0A2933
:106240004CD110F8020C0D2848D1291FA01C89B28E
:10625000FFF798FEC0B204280ED849F2D02100EB17
:106260004000C0F6000101EB80008268691FE01C5D
:1062700089B2904732E000BF0020039042F25210F2
:10628000C0F60D20029045F24520C4F652700190F0
:106290001EA001A900F098FE04B0B0BD281910F8A6
:1062A000010C0A281AD1AA1EA05C0D2816D10F2DA8
:1062B0000CD00C2D12D149F22540C0F60000214629
:1062C000FAF72CF850B9062011E000BF49F230402F
:1062D000C0F600002146FAF721F838B140F2340048
:1062E000C2F200000521C17304B0B0BD072049F21D
:1062F000D02100EB4000C0F6000101EB8000826875
:106300000020002104B0BDE8B040104741545F2593
:106310007300000001A000F057BE00BF61745F74FD
:106320006573745F7265735F68616E646C650D0A96
:106330000000000010B540F2A824C2F2000420784A
:1063400010B1FFF7EBFC03E0FFF7DCFC012121704B
:106350006168C0B2814208BF10BD606000F040F8C3
:10636000D0B3FBF70FFA40F2A010C2F200000068B1
:1063700002F04AF946F26663C4F20A034FF066324D
:1063800002F056F94FF60063C4F2AF03002201F0A9
:10639000E1FF01F005FF45F20001C4F2C37102F014
:1063A000A5FD44F20001C4F21C6102F0F1FB02F011
:1063B0002BFB4CF6CD424CF6CC43CCF6CC42C3F68C
:1063C000E47301F01FFF01F0EBFEFFF7C1F80220BC
:1063D000BDE81040FBF7E2B910BD0000FFF71CBCA0
:1063E00040F23400C2F20000807B7047B0B592B03A
:1063F00040F24424C2F200046078032854D00128FB
:106400000ED000286ED141F20000C4F201004FF41A
:1064100000410022FCF7E6FA0120607012B0B0BD26
:1064200040F23405C2F20005E87B022105286170C4
:1064300058D10120E873002011904FF04630CDE98B
:106440000F0044F25160C4F246600E9049F24C30A5
:10645000C0F6000000F0B8FD6C4604F110002221E7
:10646000FAF740F844F64150C3F6455001902868C9
:10647000D5F80720CDF83900686845F24141CDF8DC
:106480003D0010920E98C4F62B6100910290DDE958
:106490000F01CDE9030140F60D20ADF814002046B0
:1064A000162101F05DFA1DE040F23400C2F2000056
:1064B000817C0131CAB2642A817413D3C17B00226A
:1064C0000529827405D10421C17300200021FFF742
:1064D0002BFC042104A0617012B0BDE8B04000F0B4
:1064E00073BD00BF12B0B0BD424C455F5345545F11
:1064F0004144565F414456495F5245530D0A0000DE
:1065000080B540F24420C2F20000143008A10322FA
:10651000F9F704FF40F234020121C2F20002002820
:1065200008BF022103A09173BDE8804000F04CBD7C
:1065300059455300646174615F747970655F61707F
:10654000705F626C655F636F6E6E5F7265715F68CE
:10655000616E646C650D0A0010B586B040F244248B
:106560004FF6057CC2F20004C0F6535C44F824CF19
:106570003F22227445F2485245F25A5345F24850A0
:106580000021C4F24752C5F24933C4F64110A4F8C1
:106590001110C4E90123E060E1748DF81710CDE912
:1065A0000330A07C218A8DF81600ADF8141001A8E4
:1065B0001321CDE901C2FBF73BF9E0742046142119
:1065C00001F0CEF949F28230C0F6000000F0FCFC88
:1065D00006B010BD10B586B040F244244FF60770E7
:1065E000C2F20004C0F2536044F8240F44F64E7225
:1065F000228144F242120021C4F64C42C4F80A102F
:10660000C4F80E1062606182ADF81610CDE9010287
:10661000D4E902010390208A0491ADF8140001A886
:106620001321FBF705F9E0742046142101F098F9D5
:1066300002A000F0C9FC06B010BD00BF6461746127
:106640005F747970655F62616C6C5F6572726F72A6
:106650005F7265735F68616E646C650D0A000000AF
:106660002DE9F04786B040F24424C2F20004E07CF9
:106670000B2869D1207DA0F13001092964D8617D02
:10668000A1F13002092A5FD8A27DA2F13003092BC3
:106690005AD8E37DA3F13007092F55D894F818C0D4
:1066A000ACF13007092F4FD894F819E0AEF130055E
:1066B000092D49D8A57EA5F13006092E44D8E67EDD
:1066C000A6F13007092F3FD894F81CA0AAF1300793
:1066D000092F39D894F81D80A8F13007092F33D835
:1066E00094F81E90A9F13007092F2DD840F23407F5
:1066F000C2F200073870797000204FF60171BA704D
:10670000FB7087F804C087F805E0BD71FE718DF855
:106710001700C4F8330084F83700A1845421F874BA
:106720000B2084F8261084F82700D7E9000187F8A9
:1067300008A087F8098087F80A90A062D7F80700B8
:10674000E162C4F82F0019E040F23400C2F2000008
:106750000021C1748DF81710C4F82D10C4F8311041
:1067600061634FF6017045F24521C0F25450C4F602
:106770005271C4E90901522084F82C0054F8240F06
:10678000221D019007CA03910290208A1321ADF8BF
:106790001400A07C04928DF8160001A8FBF748F8BD
:1067A000E0742046142101F0DBF849F2CE30C0F647
:1067B000000000F009FC03A000F006FC06B0BDE8F4
:1067C000F08700BF646174615F747970655F626CAB
:1067D000655F7365745F7265715F68616E646C6537
:1067E0000D0A000010B586B040F24424C2F2000445
:1067F0004FF60171A18440F23401C2F20001CA7C5B
:106800000020002A4FF054028DF81700C4F827002A
:10681000C4F82B00C4F82F00C4F8330084F8370004
:1068200084F826200CD0C8740B2084F82700D1E906
:106830000002D1F80710C4E90A02C4F82F100AE0D8
:10684000052084F8270045F24520C4F65270A06266
:10685000522084F82C0054F8240F221D019007CAFE
:1068600003910290208A1321ADF81400A07C0492B9
:106870008DF8160001A8FAF7DBFFE074204614211A
:1068800001F06EF849F2CE30C0F6000000F09CFB3B
:1068900006B010BD2DE9F04F89B040F2442BC2F292
:1068A000000B9BF80000002840F0B88040F2340054
:1068B000C2F20000807B012800F0B0804FF6027029
:1068C000ABF8240053208BF82600DBF804000021ED
:1068D0000027C4F220118DF81370CBE90A77CBF8AA
:1068E0003070CBF8347002F001FB02F063FA00283C
:1068F000CDF81F70CDE90677059767D04CF6CD41EE
:1069000048F21F5E44F6D35841F2597900274FF000
:10691000FF32CCF6CC41C5F2EB1EC1F26208CDF2DB
:10692000B71942F2107A00BFA0FB01363D46F708C6
:1069300007EB8703A0EB430305AE43F03003164497
:106940000A28737036D3A7FB0134E30803EB8303F3
:10695000A7EB430343F030036428B37030D3A0FBAC
:106960000E346309A3FB0147FC0804EB8404A3EB8A
:10697000440343F03003B0F57A7FF37052D3A0FBA9
:106980000834A309A3FB0147A0FB094CFC0804EB56
:106990008404A3EB440343F030032F1D50454FEA1A
:1069A0005C3002F104023371BED245F003000128CD
:1069B0003CDA0BE0971C501C012837DA06E000BFD8
:1069C00045F0010045F0020701282FDA00200BF105
:1069D00028012E220A549DF8142008444270781C85
:1069E0008BF82700DBF828005BF8241FCDE90010A6
:1069F000DBE90201CDE90201BBF810009BF812109F
:106A0000ADF810008DF8121068461321FAF710FF48
:106A10008BF813005846142100F0A2FF09B0BDE81E
:106A2000F08F00BFD01C171D0128CFDB421E8BF852
:106A300028300BD0811E032902F0030C08D201225A
:106A40000346BCF1000F24D1C1E700BF0120BEE71F
:106A500005A922F0030E8E1E002200BF35186978AA
:106A60000BEB020315F8024C83F82910315C15F882
:106A7000015C04329645A6F1040683F82A1083F8D7
:106A80002B5083F82C40E9D1831A0132BCF1000F5E
:106A90009DD005A90B4413F8011C5A44BCF1010F09
:106AA00082F8281093D013F8021CBCF1020F82F870
:106AB00029101CBF13F8031C82F82A1087E7000076
:106AC000B0B586B040F24424C2F20004607CE27C9F
:106AD00004F114052946FEF7BDFC012284F82420A8
:106AE000227C40F23401C2F20001002384F8252008
:106AF000542208758DF81730C4F82730C4F82B30AD
:106B0000C4F82F30C4F8333084F8373084F82620A6
:106B100050B1E27C0B7504F12800294684F8272047
:106B2000F9F78CFC0BE000BF052084F8270045F244
:106B30004520C4F65270A062522084F82C0054F80C
:106B4000240F221D019007CA03910290208A13216D
:106B5000ADF81400A07C04928DF8160001A8FAF795
:106B600067FEE0742046142100F0FAFE49F2A630D8
:106B7000C0F6000000F028FA02A000F025FA06B0E6
:106B8000B0BD00BF646174615F747970655F7368E4
:106B90006F745F6D6F64655F73656C6563745F725E
:106BA00065715F68616E646C650D0A0010B586B032
:106BB00040F24424C2F200040121227C84F8241013
:106BC00040F23401C2F2000184F825200A7D002041
:106BD000002A4FF054028DF81700C4F82700C4F8BB
:106BE0002B00C4F82F00C4F8330084F8370084F871
:106BF00026200BD0E27C087504F1280004F1140172
:106C000084F82720F9F71AFC0BE000BF052084F870
:106C1000270045F24520C4F65270A062522084F845
:106C20002C0054F8240F221D019007CA03910290F2
:106C3000208A1321ADF81400A07C04928DF8160070
:106C400001A8FAF7F5FDE0742046142100F088FE53
:106C500049F2A630C0F6000000F0B6F906B010BD4B
:106C6000B0B586B040F24424C2F20004E07C0025B6
:106C700003280BD1207D617DA27DFAF7C1FDB0FA1A
:106C800080F14909002818BF012001E001210020FE
:106C900040F23403C2F2000398750420227C84F889
:106CA000240054208DF81750C4F82750C4F82B50F6
:106CB000C4F82F50C4F8335084F8375084F8252096
:106CC00084F8260061B1052084F8270045F24520AC
:106CD000C4F65270A062522084F82C000BE000BF72
:106CE0000020E27C987504F1280004F1140184F876
:106CF0002720F9F7A3FB54F8240F221D019007CA9F
:106D000003910290208A1321ADF81400A07C049214
:106D10008DF8160001A8FAF78BFDE07420461421C7
:106D200000F01EFE49F2ED30C0F6000000F04CF914
:106D300002A000F049F906B0B0BD00BF6461746103
:106D40005F747970655F73686F745F7365745F7289
:106D500065715F68616E646C650D0A0010B586B080
:106D600040F24424C2F200040421227C84F824105E
:106D700040F23401C2F2000184F825208A7D00200F
:106D8000002A4FF054028DF81700C4F82700C4F809
:106D90002B00C4F82F00C4F8330084F8370084F8BF
:106DA00026200BD0E27C887504F1280004F1140140
:106DB00084F82720F9F742FB0BE000BF052084F898
:106DC000270045F24520C4F65270A062522084F894
:106DD0002C0054F8240F221D019007CA0391029041
:106DE000208A1321ADF81400A07C04928DF81600BF
:106DF00001A8FAF71DFDE0742046142100F0B0FD53
:106E000049F2ED30C0F6000000F0DEF806B010BD2B
:106E1000B0B586B040F24424C2F20004E07C002504
:106E200001280FD1207DA52801D05A280AD10020A1
:106E3000FEF796FBB0FA80F14909002818BF01203F
:106E400002E000BF0121002040F23403C2F200033F
:106E500058750620227C84F8240054208DF81750A1
:106E6000C4F82750C4F82B50C4F82F50C4F833503E
:106E700084F8375084F8252084F8260061B1052075
:106E800084F8270045F24520C4F65270A0625220D3
:106E900084F82C000BE000BF0020E27C587504F160
:106EA000280004F1140184F82720F9F7C7FA54F8F0
:106EB000240F221D019007CA03910290208A1321FA
:106EC000ADF81400A07C04928DF8160001A8FAF722
:106ED000AFFCE0742046142100F042FD49F264301A
:106EE000C0F6000000F070F802A000F06DF806B0E7
:106EF000B0BD00BF646174615F747970655F737762
:106F0000697463685F7265715F68616E646C650D5A
:106F10000A00000010B586B040F24424C2F200041A
:106F20000621227C84F8241040F23401C2F20001D0
:106F300084F825204A7D0020002A4FF054028DF865
:106F40001700C4F82700C4F82B00C4F82F00C4F8B9
:106F5000330084F8370084F826200BD0E27C487593
:106F600004F1280004F1140184F82720F9F766FAE7
:106F70000BE000BF052084F8270045F24520C4F649
:106F80005270A062522084F82C0054F8240F221D65
:106F9000019007CA03910290208A1321ADF81400D2
:106FA000A07C04928DF8160001A8FAF741FCE07469
:106FB0002046142100F0D4FC49F26430C0F60000F1
:106FC00000F002F806B010BD83B010B581B040F2F9
:106FD000C424844603A8C2F200040EC003AA2046BB
:106FE00061460092F9F788F92046F9F7C3F982B2B1
:106FF00040F64410C2F2000021464FF0FF33FDF787
:107000008BFD01B0BDE8104003B0704796B0FBF7B0
:1070100003FD00240120CDE91144CDE90F440C907B
:1070200010904FF4E0104FF48031022515900CA819
:107030000694CDE90444CDE90244CDE90D14CDE92F
:107040001351FBF7D1FF28B1EFF3108072B600BFE8
:10705000FEE700BF0F20CDE907054FF48060CDE9C2
:107060000A0407A802210994FBF78AFE20B1EFF376
:10707000108072B6FEE700BF022001904FF400407E
:10708000039001A8FBF7F6FD20B1EFF3108072B674
:10709000FEE700BFFDF764FEFDF740FEFDF7F4FDDF
:1070A000FDF738FFFDF7E0FFFEF74CF8FEF780F93B
:1070B000FEF7ACF9FEF706F9FEF7DCF8FEF7B2F8DA
:1070C00041F28830FBF772FA00F0C8F804A0FFF72D
:1070D0007BFFFFF783F900BF00F076F8FCE700BF05
:1070E00054656E6E697342616C6C6C4C61756E6355
:1070F0006865722052756E6E696E672E2E2E2E2E6A
:107100002E0D0A00B0B540F20804C2F20004207E41
:1071100001283FD12078002808BFB0BD322000F000
:1071200045F9642000F07CF9217A1BA0FFF74CFFA1
:10713000207A012814D1224612F8071F40F2500C81
:10714000012988BF00215018C579C2F2000C037ACA
:107150000CEBC50040688D1C5CF83310157001E025
:107160000021002040F2B025C2F20005E960696804
:10717000286101F10A0047F230518842686004D367
:107180000720FAF70BFB0020686007A0FFF71CFF41
:107190000E202076B0BD00BF2D2D2D2D2D2D203D94
:1071A0002025640D0A0000002D2D2D42414C4C5F1E
:1071B0004D4F44455F4C4556454C5F4C4F4F502D0D
:1071C0002D2D0D0A00000000B0B540F2B024C2F22F
:1071D00000046078022817D0012811D028BB0120B4
:1071E0004FF47A71012500F051F8322000F0DEF8FA
:1071F000322000F041F912A0FFF7E6FE657014E0BE
:10720000FFF798F811E000BF40F20805C2F2000550
:10721000A8790A2805D8322000F0C8F8322000F0FA
:107220002BF92879207201206070FFF76BFF20781E
:10723000002818BF00F074F8BDE8B04000F038BB7B
:107240006D794170705F5461736B5F5374727475C4
:10725000735F49646C650D0A0000000080B5FEF79D
:1072600067FAFEF75FFA00F049F900F061F900F003
:10727000BDF900F0C7F800F02BF900F037F940F243
:10728000B020C2F200000021017280BD70B504463A
:1072900040F6004040F23026C4F20100C2F200067F
:1072A000A4B10D4691B104210122FBF79BFB012003
:1072B00000F01AF848F21F50C5F2EB10A5FB0001D0
:1072C0004809F06000203470B06070BD04210022D5
:1072D0000025FBF787FB002000F006F8F56035710C
:1072E00000203470B06070BD10B5044609A006A13E
:1072F000002C08BF0846FFF767FE40F2B020C2F23C
:107300000000047010BD00BF62656570206F666686
:10731000200D0A0062656570206F6E200D0A000066
:10732000B0B5FEF7EFFC40F23025C2F20005296946
:10733000C0B2814239D029782861022918D00129A8
:1073400033D1D5E9020101308842A8602DD3002055
:107350002870C5E9020040F60040C4F20100042193
:107360000022FBF73FFB0020BDE8B040FFF7BCBFA9
:10737000D5E9020101308842A86038BFB0BD287944
:107380000421B0FA80F0440940F60040C4F2010044
:107390002246FBF727FB2046FFF7A6FF2879B0FA25
:1073A00080F0400928710020A860B0BDF0B581B020
:1073B00004460820002100F003FA40F23816C2F219
:1073C00000063788A7420DD2B9B20C2000F0F8F9B8
:1073D00001374FF4FA60BDB2FBF7E8F8A542F3D9E4
:1073E0000CE000BF053FBDB20C20294600F0E8F9D3
:1073F0004FF4FA60FBF7DAF8A542F3D2348001B01B
:10740000F0BD000080B5FEF73BF940F60000C4F285
:1074100001004FF480510122BDE88040FBF7E2BA41
:10742000F0B581B004460020002100F0E7F940F2F9
:107430003A16C2F200063788A7420DD2B9B204202C
:1074400000F0DCF901374FF4FA60BDB2FBF7AEF89B
:10745000A542F3D90CE000BF053FBDB20420294688
:1074600000F0CCF94FF4FA60FBF7A0F8A542F3D294
:10747000348001B0F0BD0000F0B581B004460420B6
:10748000002100F0BBF940F23C16C2F2000637883A
:10749000A7420DD2B9B2002000F0B0F901374FF485
:1074A000FA70BDB2FBF782F8A542F3D90CE000BF39
:1074B000053FBDB20020294600F0A0F94FF4FA6064
:1074C000FBF774F8A542F3D2348001B0F0BD0000A0
:1074D00080B5FEF7E5F840F60040C4F201004FF435
:1074E00080510122BDE88040FBF77CBA41F20000E8
:1074F000C4F2010001210122FBF774BAFEF71EB9A4
:1075000080B50146002000F097F904200021BDE875
:10751000804000F091B9000080B50146042000F0E1
:107520008BF900200021BDE8804000F085B9000003
:10753000FEF7DEB8F0B581B001F0A4FD40F27C2783
:10754000C2F20007D7E90215044601F089FA06469F
:10755000B8602046294601F095FD4DF20A710546B6
:10756000C3F623413046FC6001F0C0FC01462046D2
:1075700001F076FA4CF6CD410446C3F6CC512846CC
:1075800001F0B4FC214601F06BFA0021C4F2C821DD
:10759000044601F0D5FA002100281CBF0024C4F2E3
:1075A000C824CCF2C821204601F0DFFA00281CBF15
:1075B0000024CCF2C824204601B0F0BD80B50146BD
:1075C000082000F057F90C200021BDE8804000F0B1
:1075D00051B9000080B501460C2000F04BF908209D
:1075E0000021BDE8804000F045B90000FEF768B812
:1075F000F0B581B001F046FD40F27C27C2F20007F1
:10760000D7E90415044601F02BFA064638612046F6
:10761000294601F037FD4DF20A710546C3F62341B4
:1076200030467C6101F062FC0146204601F018FA08
:107630004CF6CD410446C3F6CC51284601F056FC29
:10764000214601F00DFA0021C4F2C821044601F0E0
:1076500077FA002100281CBF0024C4F2C824CCF211
:10766000C821204601F081FA00281CBF0024CCF27A
:10767000C824204601B0F0BD80B540F28860C2F257
:107680000000C06901F0C0F94FF2C35247F68F63A2
:10769000C5F62842C4F2760300F0CAFF4FF6006335
:1076A000C4F2AF03002200F055FE00F079FD80BD6A
:1076B00080B540F28860C2F20000406B01F0A4F98E
:1076C0004FF2C35247F68F63C5F62842C4F27603E1
:1076D00000F0AEFF4FF60063C4F2AF03002200F0EB
:1076E00039FE00F05DFD80BD70B588B00D466E4678
:1076F0000446C1F114017019132D88BF0021F8F759
:10770000CFFE304621462A46F8F753FE142D40F2AC
:107710004425C2F2000524D168461321FAF788F8FF
:1077200085F82300E17C81421BD12678F01FC0B28E
:10773000F9282E7415D96078FF28687403D00F38A3
:1077400010F10E0F0DD3A078A0F1560111F1040F26
:10775000A87406D3E278A2F1100010F10F0FEA74BA
:107760001CD20020C5E90400C5E906002862079084
:1077700042F25210C0F60D20069040F23400C2F2E0
:107780000000807B45F24521C4F652710591A0B1FD
:1077900005A8082100F0E4F808B070BD211D05F12E
:1077A0001400F8F706FE701E49F28C21C0B2C0F634
:1077B000000101EBC0004068804708B070BD0000C8
:1077C00008280BD0042811D0002840F24C70C2F2D7
:1077D0000000006814BF01644163704740F24C70C0
:1077E000C2F200000068C163704700BF40F24C70F5
:1077F000C2F20000006881637047000008280BD0C7
:10780000042811D0002840F24C70C2F20000006839
:1078100014BF01644163704740F24C70C2F2000033
:107820000068C163704700BF40F24C70C2F20000B4
:10783000006881637047000008280BD0042811D02D
:10784000002840F2DC70C2F20000006814BF01643E
:107850004163704740F2DC70C2F200000068C1630F
:10786000704700BF40F2DC70C2F200000068816324
:107870007047000008280BD0042811D0002840F2DF
:107880009470C2F20000006814BF01644163704745
:1078900040F29470C2F200000068C163704700BFFC
:1078A00040F29470C2F200000068816370470000EB
:1078B000F0B581B0FEF72CFA40F24426C2F2000681
:1078C000F168C0B2814204BF01B0F0BD40F2C425EE
:1078D000C2F2000595F8C113F060B1B395F8D0027B
:1078E00070B100271BA400BFE81990F8E0112046F2
:1078F000FFF76AFB95F8D01201378F42F4D300E00E
:107900000021727814A0FFF75FFB7078082819D067
:1079100095F8D012481990F8DE210D2A0ED190F872
:10792000DF010A280AD195F8E0014F2801D02B2861
:1079300004D105F5F070FEF771FC03E005F5F07079
:10794000FFF7D2FE002085F8C10301B0BDE8F0408A
:10795000FEF74CBD2025780025642025640D0A0023
:107960000A460F31C9B2102938BF7047014640F6A8
:10797000FC00C2F200004FF0FF33FDF7CDB85FEA24
:10798000400C08BF91F0000F4FEA8C234FEAC12250
:1079900043EA51514FEA1C5018BF00F5F0404FEA3E
:1079A000300018BF41F000415FEA6C5C00F02980B4
:1079B000BCF1FF3F08BF40F080407047130C06BF8A
:1079C00012044FF0100C4FF0000C130E04BF120203
:1079D0000CF1080C130F04BF12010CF1040C930FEF
:1079E00004BF92000CF1020CD30F04BF52000CF143
:1079F000010C11464FF00002A0F11F00A0EB0C009B
:107A0000704711F0004F08BF704731F000413FF45C
:107A1000D5AF0B0C06BF09044FF0100C4FF0000C53
:107A20000B0E04BF09020CF1080C0B0F04BF090177
:107A30000CF1040C8B0F04BF89000CF1020CCB0F6E
:107A400004BF49000CF1010CCCF1200322FA03F32E
:107A500041EA030102FA0CF2A0EB0C0000F1010074
:107A60007047000023F07F4720F07F4C80EA03003E
:107A700000F00040ACEB070303F57C5303F1FF0378
:107A80002DE9804909B44FEA144324EA03484FEA38
:107A9000154B25EA0B4E0FF2042606EB13273E7812
:107AA00003FB0667C7F5000707FB06F64FEAD64655
:107AB00006F102064FEA543707FB066CCCF1005C76
:107AC0004FEA1C472CEA074C0CFB06F507FB06F4B3
:107AD00004EB15464FEA961649085FEA320234BFB6
:107AE00000204FF000404FEAD13706FB07FC4FEA79
:107AF0001C4C0CFB0BF7D21B03FB0CF761EB0701D3
:107B00000CFB0EF7B0EB074072EB17420CFB08F7CB
:107B100034BFA2EB0742B2EB074261EB17414FEAD9
:107B20000C444FEA910706FB07FC4FEA1C4C0CFB88
:107B30000BF7B0EBC74072EB573203FB0CF734BFC7
:107B4000A2EBC742B2EBC74261EB57310CFB0EF719
:107B5000B0EBC70072EB57720CFB08F734BFA2EB17
:107B6000C702B2EBC70261EB57714FEA816141EA8C
:107B700092114FEA826242EA90124FEA806004EB6F
:107B8000CC04039F4FEAD13706FB07FC4FEA1C4C9D
:107B90000CFB0BF7D21B03FB0CF761EB07010CFB93
:107BA0000EF7B0EB074072EB17420CFB08F734BF3F
:107BB000A2EB0742B2EB074261EB17414FEA8C554B
:107BC00004EB9C244FEA910706FB07FC4FEA1C4C90
:107BD0000CFB0BF7B0EBC74072EB573203FB0CF713
:107BE00034BFA2EBC742B2EBC74261EB57310CFB8B
:107BF0000EF7B0EBC70072EB57720CFB08F734BFFF
:107C0000A2EBC702B2EBC70261EB57714FEA816189
:107C100041EA92114FEA826242EA90124FEA806092
:107C200015EB4C2544F100044FEAD13706FB07FC65
:107C30004FEA1C4C0CFB0BF7D21B03FB0CF761EB60
:107C400007010CFB0EF7B0EB074072EB17420CFB81
:107C500008F734BFA2EB0742B2EB074261EB1741D2
:107C60004FEA813141EA92414FEA823242EA904240
:107C70004FEA80304FEA0C7615EB1C1544F10004F6
:107C800048EA03434EEA0B484FF0000EB2EB080CF3
:107C900071EB030724BF624639464EEB0E0E4FF0E0
:107CA000000B0018524149414BEB0B0BB2EB080C97
:107CB00071EB03077BF1000B24BF624639464EEBA4
:107CC0000E0E4FF0000B0018524149414BEB0B0BCD
:107CD000B2EB080C71EB03077BF1000B24BF62468B
:107CE00039464EEB0E0E51EA020718BF46F0010668
:107CF00016EB0E7655F1000254F1000103D5BDE8F4
:107D00008901BDE80088BDE88901BDE80048B619D1
:107D1000524141EB0101A3F10103704780807F7E56
:107D20007D7C7B7A797877767675747372717170F1
:107D30006F6E6E6D6C6C6B6A6A69686867666665A3
:107D40006464636362616160605F5F5E5E5D5D5C31
:107D50005C5B5B5A5A5959585857575656555555A2
:107D60005454535352525251515050504F4F4F4E02
:107D70004E4D4D4D4C4C4C4B4B4B4A4A4A49494950
:107D80004848484747474746464645454544444492
:107D90004443434343424242424141419C46002BBB
:107DA00030D477002BD04FEA37071CB503B44FF01F
:107DB00010004FF01001BAF1000F06D0BCF1000F17
:107DC000DCBF40F0080040F008014FF000000FBC9D
:107DD000BDE810400BF1010BBBF1010F08BF5FEADA
:107DE000170722BF12F1010211F101014FF000410A
:107DF00043F1000300F0004043EA00007047F9D36C
:107E00005708D0E746EA06464FEA164613F1400FF8
:107E10001FDD13F1200FDFBF16430A460021203378
:107E20005B42BED0C3F1200746EA06464FEA16463B
:107E300002FA07F746EA070622FA03F2C3F120071F
:107E400001FA07F742EA070221FA03F14FF00003B3
:107E5000A7E746EA020646EA06464FEA164646EA1B
:107E60000106BCBF46EA0646360C4FF000034FF051
:107E700000024FF0000194E72DE9804C70B49A465F
:107E8000934691E8380007C831EA400C48BF34EA0D
:107E9000430C03D5FFF7E6FDFFF780FFF0BCBDE81C
:107EA000008C2DE9804C70B49A46934691E83800D6
:107EB00007C810F0804F08BF13F0804F03D100F0C7
:107EC00005F8FFF76BFFF0BCBDE8008C20F07F47A2
:107ED00023F07F4C80EA030000F0004007EB0C0326
:107EE000A3F57C53A3F1FE0392F0000F00F0B380E2
:107EF00095F0000F00F077802DE901494FEA11401D
:107F000021EA00484FEA144624EA064700FB06FC33
:107F100008FB06F607FB08F818EB06484CEB164C76
:107F200000FB07F718EB07484CEB17404FEA124BE2
:107F300022EA0B4E4FEA154625EA06470BFB06FCE4
:107F40000EFB06F607FB0EFE1EEB064E4CEB164C28
:107F50000BFB07F71EEB074E4CEB174B18EB0B0810
:107F600040F1000018EB0E0B58EB000840F1000048
:107F70008F1A4FF000014FF000063CBFC943661B4B
:107F800014BFB5EB040C00213CBFC943F61B4FEAFC
:107F9000174427EA04454FEA1C472CEA074C04FB28
:107FA000076205FB07F70CFB05F616EB074642EBED
:107FB000174204FB0CFC16EB0C4642EB1C421BEB7D
:107FC000060658EB020241414EEA8E0E46EA9E0634
:107FD00001D5BDE80189B619524141EB0101A3F178
:107FE0000103BDE801894FEA144524EA05464FEA3A
:107FF000114721EA074C05FB07F406FB07F70CFBCA
:1080000006F111EB074144EB174405FB0CFC11EBA7
:108010000C4144EB1C444FEA124722EA074C05FB93
:1080200007F206FB07F70CFB06F616EB074642EBDA
:10803000174205FB0CFC16EB0C4642EB1C456A187C
:1080400054F1000148BF7047B619524141EB01019C
:10805000A3F10103704795F0000F37D04FEA1142AA
:1080600021EA02464FEA144724EA074C02FB07F1D3
:1080700006FB07F70CFB06F414EB074441EB174132
:1080800002FB0CFC14EB0C4441EB1C414FEA15477E
:1080900025EA074C02FB07F506FB07F70CFB06F683
:1080A00016EB074645EB174502FB0CFC16EB0C469E
:1080B00045EB1C42121951F1000148BF7047B61937
:1080C000524141EB0101A3F1010370474FEA14450E
:1080D00024EA05464FEA114721EA074C05FB07F160
:1080E00006FB07F70CFB06F212EB074241EB1741C8
:1080F00005FB0CFC12EB0C4251EB1C414FF000064F
:1081000048BF7047921841EB0101A3F1010370478A
:10811000490050EAC12018BF04204A0D18BF40F0A2
:10812000010040F2FF72B2EB515F08BF40F0020065
:10813000012808BF0520704730380A2801D20120E5
:10814000704700207047000010B500290AD0087859
:10815000002807D005487844F9F70CFA002801D028
:10816000002010BD0248784410BD00000A13000032
:108170000213000010B500290AD00878002807D0A3
:1081800005487844F9F7F6F9002801D0002010BD21
:108190000248784410BD0000FA120000F2120000FC
:1081A00021F0004201F00043A2F16052B2F5801FBD
:1081B00028BFD2F17F6C0BD95FEA001C43EAC202F0
:1081C00042EB507018BF704728BF20F00100704785
:1081D000B2F5801FBCBF184670474FEA410C1CF532
:1081E000001F02D2084600F048BF70B500F0CAFA7E
:1081F00000000089FFF7F6BF4FF00040A0F58000B7
:108200007047000010B591EA030F48BF83F00043A8
:1082100000F11483841A71EB030C05D2121943EB9D
:108220000C03001B61EB0C014FEA1154A4EB135C2F
:10823000DFF81CE11EEA430F18BF9EEA445F00F01E
:10824000748021EA045123EA0E0343F48013DCF125
:10825000200E32D322FA0CFE10EB0E0023FA0CFE95
:1082600041EB0E01CCF1200E03FA0EFE10EB0E00D6
:10827000CCF1200E51F10001B1F5801F32D201EB9B
:10828000045112FA0EF2BDE8104058BF7047401C6E
:1082900038BF5FEA420218BF7047002814BF20F0C1
:1082A000010041F100014FEA410313F5001F38BFFF
:1082B0007047A1F1C04100F0B3BA012A43EB0302B9
:1082C000ACF1200CDCF11F0E32BF4FF0000E23FA90
:1082D0000CF310EB030041EB0451B4EB115FD0D071
:1082E000A1EB045101F58011490801EB04515FEA4B
:1082F00030000ED350F1000038BF12FA0EFE08D144
:10830000BDE81040C9E7401C38BF5FEA4202CAD14D
:10831000C3E7BDE810404FEA410313F5001F38BF23
:108320007047A1F1C04100F07BBA9EEA445F08D0DB
:1083300011EA5E0FBDE8104004BF01F000410020CB
:108340007047BDE8104070B500F01CFA64FBBE3EFB
:108350000000E0FF2DE9C04130B4DFF8A4C23CEAE0
:10836000111418BF3CEA131400F0ED801CEA11143C
:1083700081EA030544EAD57418BF1CEA131500F01E
:10838000C880A4EB050404F17F7404F500344FF0B9
:10839000004545EAC12145EAC32341EA505143EA79
:1083A00052534FEAC0204FEAC222994208BF90427E
:1083B00000F09D804FEA13650FF24416765D4FEA98
:1083C000134506FB05F7C7F1807706FB07F74FEA71
:1083D000D737A7FB03687642A7FB06CEC8F58038DF
:1083E00038BFA8F1010807FB08E6A6FB028C4FF096
:1083F000000EE6FB03CEDCF1000CCEF1004E38BFE0
:10840000AEF1010EA6FB0C584FF00007E6FB0E87FD
:10841000A1FB08C6A0FB07CE16EB0E064FF0000529
:1084200045F10005E1FB076515F1E04E7EBFA4F5BF
:1084300080345FEA46066D4116F1800745F100057C
:108440004FEA172747EA05674FEA15254FEA066600
:10845000A6F1DE46B6F1805F20D9384605EBC4713F
:1084600024F0010C01EB0C11BCF1FE6F02D8F0BC42
:10847000BDE8008124425CBF01F5801E9EEAC47FF6
:1084800002D4F0BCBDE80081244200F13980A1F1A2
:10849000C041F0BCBDE8004100F0C2B94FEAD020B5
:1084A00040EA41504FEAD1214FEAD22242EA4352F8
:1084B0004FEAD323A7FB028607FB036605FB026690
:1084C0001EEA0E0F58BFA6EB0056B6EB00564FEA59
:1084D000520E4EEAC37E18EB0E0E56EB530EBCD571
:1084E00018EB02085E417F1C55F10005B5E74FF41B
:1084F00080154FF000074FF000064FF00008ACE782
:1085000001F1C04101F000414FF00000F0BCBDE8B6
:1085100000810CEA131511EA0C1F00D00CE013EADD
:108520000C1F00F026804FF0000081EA030101F0EB
:108530000041F0BCBDE80081F0BCBDE8004181EA2B
:10854000030100F06DB9F0BCBDE8004170B500F06A
:1085500019F900BF097EFC3E00F007B84FF000009B
:1085600081EA030101F00041704781EA030100F054
:1085700057B9F0BCBDE8004122494FF000007047F8
:10858000FFFDFBF9F7F5F4F2F0EEEDEBE9E8E6E4D8
:10859000E3E1E0DEDDDBDAD8D7D5D4D3D1D0CFCD5F
:1085A000CCCBCAC8C7C6C5C4C2C1C0BFBEBDBCBB98
:1085B000BAB9B8B7B6B5B4B3B2B1B0AFAEADACAB93
:1085C000AAA9A8A8A7A6A5A4A3A3A2A1A09F9F9E6D
:1085D0009D9C9C9B9A99999897979695959493931F
:1085E000929191908F8F8E8E8D8C8C8B8B8A8989B6
:1085F0008888878786858584848383828281818039
:108600000000FF070000F87FB0FA80F310FA03F1D2
:108610000AD0C3F11D0303F580634FEA03524FEA0A
:10862000415002EBD12170474FF00000704700002D
:1086300070B5DFF848C11CEA111E1EBF1CEA1315F5
:108640009EEA0C0F95EA0C0F00F06F8081EA03049C
:108650004EEAD47EAE4421EA4C1123EA4C1341F495
:10866000801143F48013AEF17F7EA1FB024CA0FB8E
:108670000365361955EB0C05A1FB034C4CF10003C7
:10868000A0FB021C16EB0C06654153F100030942E6
:1086900018BF46F0010613F4007F0BD14FEA0331F7
:1086A0004FEA053041EA155140EA165034036FF0A5
:1086B00003020AE04FEAC3214FEAC52041EA5551BF
:1086C00040EA5650F4026FF0020202EB2E4201EB38
:1086D000025585EACE710AD05FEA440C18BF24F037
:1086E000004450F1000041F1000120EAD47040F252
:1086F000FE7C624500D270BDA84214BF4FF080449A
:108700004FF04044002E08BF0024BEF1806FA8BF88
:10871000A1F1C041BDE8704080F2828001F1C0410A
:1087200001F000414FF0000070470CEA13159EEA7B
:108730000C0F18BF95EA0C0F06D081EA030E4FF01C
:1087400000000EF0004170BD00F01CF88900013EF1
:1087500000F007B800F009B84FEA430C5FEA5C5C30
:1087600008D081EA030100F05BB84FEA410C5FEAF0
:108770005C5CF6D102494FF0000070470000FF0733
:108780000000F87F0EF1020E2EF0030E5EF8046B6F
:10879000364205D4012A43EB030515F5001F12D814
:1087A000012841EB010C1CF5001F0CD80ED14FEA3B
:1087B000D17C0CEB4C0C0CF1020C15F5001F08BF22
:1087C0004CEBD37C04E04FF0080C01E04FEAD37C83
:1087D0000CEB4C0526FA05F606F00706B6F1040C7C
:1087E00006D20EEB860CBDE870404CF0010C6047E1
:1087F000DFE80CF0090B02024FF00041A1F5002167
:108800004FF0000070BD19461046012851EB0104DD
:1088100018BFD4F5001484BF002001F0004170BDE2
:108820000808A0F500114FEA3101704710B591EA30
:10883000030F48BF83F000433FF5ECAC841A71EBA3
:10884000030C07D28CF0004C121943EB0C03001BF5
:1088500061EB0C014FEA1154A4EB135CDFF8A4E1C7
:108860001EEA430F18BF9EEA445F00F0B48021EA7D
:10887000045123EA6E035242C3EB6E0338BF5B1E02
:10888000DCF1200E25D322FA0CFE10EB0E0043FA89
:108890000CFE41EB0E01CCF1200E03FA0EFE10EBA4
:1088A0000E00CCF1200E51F1000129D401EB04514E
:1088B00012FA0EF2BDE8104058BF7047401C1CBFB2
:1088C000B2F1004F704700280CBF491C20F0010096
:1088D000704712EB020E43EB030218BF4FF0010E7C
:1088E0004EEA4202ACF1200CDCF11E0E56D943FADE
:1088F0000CFE10EB0E00CCF11E0E51F1FF31D5D560
:108900000EF1010E12FA0EFE404141EB010101EBA6
:10891000445C5FEA5C5C10D901EB045110EBDE7043
:1089200038BFBEF1004FBDE8104018BF70470028A7
:108930000CBF491C20F00100704734D24FEAD42C00
:1089400024F4006411F500111BD0B1FA81F20B3A46
:10895000A41AA41ED2F12003914030FA03F3194364
:10896000904001EBCC7101EB0451002CBDE81040AC
:10897000A8BF704701F1C04101F000414FF0000075
:108980007047B0FA80F310FA03F102D1BDE810404D
:108990007047E41A173C4805C90AE2E701EB0451A5
:1089A000BDE81040704749104FEA300001EB045118
:1089B000BDE8104002E04FF0000170474A0008BFD8
:1089C0000042F8D0B2F5001F28BF704701F0004107
:1089D0004FF0000070479EEA445F07D011EA5E0F37
:1089E000BDE8104004BF002100207047BDE81040E2
:1089F00070B5FFF7C7FE00BF40DFF63E104683F0BC
:108A0000004170470000E0FF43004FEAD30C4FEAFB
:108A10003C0C43401FBF40070CF1605113F0FE4F68
:108A200070471CF0006F03D10CF00041002070472C
:108A30000CF0004343EA507040EACC0010B500F05F
:108A4000D6FA00BF000000924FEA0001FFF7E8BE2F
:108A50004FF00041A1F500214FF0000070470000E9
:108A600090EA010F48BF81F0004100F11283421AE1
:108A70003CBF801A89184FEAD052A2EBD1534FF075
:108A80007F4C1CEA410F18BF9CEA026F00F03B804C
:108A90004FF0004C4CEA00204CEA012121FA03FC83
:108AA00010EB0C0C1ED202F1FF325FEA1C2040EBEF
:108AB000C25038BF70471CF07F0F4FEA400C18BF00
:108AC000BCF17F4F38BF7047C3F12003994008BF06
:108AD00020F00100BCF17F4F38BF7047A0F1C040CB
:108AE00000F0CBBA4FEA3C00000A40EBC25028BF6E
:108AF0001CF0FF0F4FEA400CE6D018BFBCF17F4FCF
:108B000038BF7047EAE79CEA026F05D010EA5C0FB5
:108B100008BF00F00040704710B500F068FA00BFD1
:108B200064FBBE3E10B500F0F5F80CBF012000203C
:108B300010BD10B500F0EEF814BF0120002010BDEC
:108B400010B500F06BF98CBF0120002010BD10B5EE
:108B500000F064F92CBF0120002010BD10B500F01A
:108B600091F994BF0120002010BD10B500F08AF9E2
:108B700034BF0120002010BD401058BFC0F140405C
:108B8000491058BFC1F140418142EFF30080704766
:108B90004FF47F0C1CEAD0121EBF1CEAD11392EADC
:108BA0000C0F93EA0C0F00F0858090EA010F48BF8C
:108BB00042F4807240F4000C41F400002CF07F413C
:108BC00020F07F4000B5A2EB030281420FF2081CA7
:108BD000ACEB504E9EF800E0C0F100004FEA4E0EA4
:108BE00000FB0EFC38BF49004FEA2C1C0CFB0EF3B7
:108BF0004FEACE1E0EEB635E4FEA112C0EFB0CFC0F
:108C00004FEAC1214FEA1C5300FB031102F5FA029F
:108C10004FEA112C0EFB0CFC4FEA01314FEADC4C01
:108C200000FB0C1142EB2242C14228BF09184CEB59
:108C300003335DF804EB10EB410143EBC250B2F596
:108C40007C0F38BF704729D512F0F00F1CBF00F120
:108C5000C04000F000407047008182838485868791
:108C600088898B8C8D8E8F919293959697999A9CEB
:108C70009D9FA0A2A3A5A7A8AAACAEB0B2B3B5B75A
:108C8000B9BCBEC0C2C5C7C9CCCED1D4D7D9DCDF30
:108C9000E2E6E9ECF0F3F7FAFE0000004FEA400CE0
:108CA0000CF1807CBCF17E4F28BF7047B0F1C04012
:108CB00000F0E3B90CEAD11390EA010F48BF42F487
:108CC0008072624538BF634507D213F47F0F16D018
:108CD00080EA010000F00040704710B500F087F90D
:108CE000097EFC3E00F005B880EA010000F000407B
:108CF000704780EA010000F0004000F0BEB912F4B5
:108D00007F0F04BF0248704780EA010000F0B5B948
:108D10000000C07F50EA010C00F113801CF5000F29
:108D200058BFBCF5000F01D48842704707D710F533
:108D3000000F58BF11F5000F15D4884270478942C3
:108D400070471CF5000F04D5BCF5000FF7D5814224
:108D500070474FF0807C1CEB400F38BF1CEB410F7D
:108D600001D28142704710B500F041F992244900C8
:108D70004FF000504FF08051FFF7FEBE41000B0E48
:108D8000D3F19E0208D950F400034FEA032323FADB
:108D900002F048BF4042704710B500F028F900BF0C
:108DA00049922480002070476FF0004282EA200040
:108DB00070470000C10DD1F19E0206DB4FEA00238F
:108DC00043F0004323FA02F07047004207D54FEA10
:108DD0004001B1F1FE4F02D24FF00000704710B5D4
:108DE00000F005F949922480002070476FEA2000C6
:108DF00070470000B0FA80F310FA03F2C3F19D034C
:108E00000AD0D90501EB1220530638BF704700F194
:108E1000010008BF20F001007047000050EA010C7B
:108E200000F113801CF5000F58BFBCF5000F01D4F2
:108E30008842704707D710F5000F58BF11F5000F93
:108E400015D488427047894270471CF5000F04D53D
:108E5000BCF5000FF7D5814270474FF0807C1CEBCA
:108E6000400F38BF1CEB410F01D28142704710B553
:108E700000F0BDF8922449004FF080504FF00051AF
:108E8000FFF77ABE50EA010C00F113801CF5000FC9
:108E900058BFBCF5000F01D48842704707D710F5C2
:108EA000000F58BF11F5000F15D488427047894252
:108EB00070471CF5000F04D5BCF5000FF7D58142B3
:108EC00070474FF0807C1CEB400F38BF1CEB410F0C
:108ED00001D28142704710B500F089F89224490010
:108EE0004FF000504FF08051FFF746BE4FF47F0C1B
:108EF0001CEAD0121EBF1CEAD11392EA0C0F93EAAF
:108F00000C0F00F0478090EA010F48BF42F48072D6
:108F10004FF0004C4CEA00204CEA012102EB030226
:108F2000A0FB0113A2F50002002918BF43F00103C2
:108F30005B0028BF4FEA330342EB22425FEA132C67
:108F40004CEBC2502EBFBCEB436FB2F57C0F7047A9
:108F50004FEA036CBCF1004F08BF20F00100B2F5EE
:108F60007C0F38BF70470BD582F0FF0212F5803FAF
:108F7000C8BF704700F1C040D8BF00F00040704744
:108F800000F5000C5FEA4C0C48BF7047B0F1C040E0
:108F900000F073B80CEAD11390EA010F48BF42F415
:108FA0008072624538BF634504D280EA010000F058
:108FB0000040704710B500F01AF800BF8900013E6C
:108FC00000F007B800F009B85FEA410C5FEA1C6CDA
:108FD00008D080EA010000F050B85FEA400C5FEA78
:108FE0001C6CF6D14FF00040A0F5800070470EF1E8
:108FF000020E2EF0030E5EF8044B244204D44FEA16
:109000004102B2F17F4F11D84FEA4003B3F17F4FD5
:109010000CD80ED14FEAD07C0CEB4C0C0CF1020CAE
:10902000B2F17F4F08BF4CEBD17C04E04FF0080C4D
:1090300001E04FEAD17C0CEB4C0324FA03F404F07A
:109040000704B4F1040C06D20EEB840CBDE810400A
:109050004CF0010C6047DFE80CF0070802024FF00B
:109060000040A0F5800010BD0846420018BFD2F1B4
:10907000807288BF00F0004010BDFF2141EAD0504F
:10908000C005704790EA010F48BF81F000413FF5ED
:10909000EEAC421A04D882F00042A0EB0200114468
:1090A0004FEAD052A2EBD1534FF07F4C1CEA410F54
:1090B00018BF9CEA026F4AD04FF0004C4CEA0020E7
:1090C0004CEA012121FA03FCB0EB0C0C0FD412F096
:1090D000FE0F36D05FEA4C001DD5001240EBC250A7
:1090E00038BF70471CF03F0F18BF70470BE05FEAB6
:1090F0001C20A2F1010240EBC25038BF70471CF0A7
:109100007F0F18BF7047C3F12003994014BF401E62
:1091100020F0010070474FEA1223800808BF704713
:10912000B0FA80FCA2EB0C02CCF1280C60FA0CF037
:1091300093EA122F04BF00EBC25070474FEAC3708E
:109140007047130A5FEADC1008BF7047F6E79CEA35
:10915000026F04D010EA5C0F08BF0020704710B502
:10916000FFF745FF40DFF63E81F000407047F7F71C
:109170000BBEF7F73FBF000000000000000000003A
:10918000303132333435363738394142434445463D
:109190004030580030313233343536373839616237
:1091A0006364656640307800040000080000000039
:1091B0000000000200010000103031323334353637
:1091C00037383961626364656678700030313233F4
:1091D000343536373839414243444546585000000B
:1091E00002400000000000A0000000000540000058
:1091F000000000C8000000000C4000000000409C7F
:1092000000000000194000000020BCBE000000006B
:1092100034400000BFC91B8E00000004B5400000B0
:10922000504BCFD06607E2CF010000006C41000038
:109230003E8251AADFEEA73401000000D9420000AF
:10924000DCB5A0E23A301F97FFFFFFFFB4450000F6
:10925000FD25A0C8E9A3C14FFFFFFFFFFF3F0000AE
:109260000000008000000000FF3F000000000080C0
:1092700000000000000000000000000001020304E4
:1092800006070809000000000102030401000000B5
:1092900061660008020000000000000003000000FA
:1092A000C16A000804000000616C000805000000AD
:1092B0000165000806000000116E000807000000AC
:1092C0000000000008000000000000000102000093
:1092D000000000003D940008156300080100000034
:1092E0000D940008D9610008020000003D940008B8
:1092F000B9610008030000001F940008B561000870
:109300000400000016940008D55E00080500000067
:109310000000000000000000060000002594000886
:10932000195F00080700000030940008495F00083A
:109330000800000000000000000000000203040517
:10934000060708090A0B0C0D0E0F101061745F73ED
:1093500065746E616D655F7265715F68616E646C86
:10936000650D0A00646174615F747970655F73777D
:10937000697463685F7265735F68616E646C650DC4
:109380000A00646174615F747970655F6170705F19
:10939000626C655F636F6E6E5F7265735F68616E4E
:1093A000646C650D0A00646174615F747970655F57
:1093B00073686F745F6D6F64655F73656C6563740C
:1093C0005F7265735F68616E646C650D0A0064614D
:1093D00074615F747970655F626C655F7365745FFB
:1093E0007265735F68616E646C650D0A0064617418
:1093F000615F747970655F73686F745F7365745FC4
:109400007265735F68616E646C650D0A002B535F53
:109410004E414D453D002B535F414456493D002B85
:10942000434F4E3D002B434F4E4E45435445440061
:109430002B444953434F4E4E45435445440000008E
:109440009095000800000020400100006C01000819
:10945000409600084001002050210000C80100088B
:109460001C00000043000000F8FFFFFF0C0000009C
:109470000E0000000F0000002E0000001001000090
:1094800043000000F8FFFFFF0040404040404040E4
:1094900040404141414141404040404040404040C7
:1094A000404040404040404040050202020202026B
:1094B00002020202020202020220202020202020BA
:1094C00020202002020202020202909090909090CE
:1094D000101010101010101010101010101010108C
:1094E0001010101002020202020288888888888800
:1094F00008080808080808080808080808080808EC
:1095000008080808020202024000000000000000F3
:10951000000000000000000000000000000000004B
:10952000000000000000000000000000000000003B
:10953000000000000000000000000000000000002B
:10954000000000000000000000000000000000001B
:10955000000000000000000000000000000000000B
:1095600000000000000000000000000000000000FB
:1095700000000000000000000000000000000000EB
:1095800000000000000000000000000000000000DB
:109590003201321029081206220700111F080E0896
:1095A0000B0E080A090B0A0C0E0D0C090E22329242
:1095B0000513127A2533B309432B2843083C9A99A3
:1095C00020083C66E61908114B8012103B660A0819
:1095D0005C33B302283EF142CD4C013829082938CA
:1095E000290829383918193839101938290829381B
:1095F000492823F1421AF4041A283C2BF442382952
:1096000008293839181938391019382908293849DA
:109610002819703BCCE038290839701908397029AD
:10962000182970291029701908397039283EF1421B
:109630003333A220122D2902210000000000000077
:0400000508000131BD
:00000001FF
